text@tt1991m	@tt1991m	656.24	658.47	Алина мне позвонила / эээ //
text@tt1991m	@tt1991m	659.725	664.255	Да а я по-русскому говорю / она... они не знали что я по-русскому умею говорить //
text@tt1991m	@tt1991m	666.405	666.92	Да //
text@tt1991m	@tt1991m	667.445	667.77	Да //
text@tt1991m	@tt1991m	668.525	669.025	Да //
text@tt1991m	@tt1991m	671.865	675.598	Нет / я реально я / с этого момента никогда так не пил больше //
text@tt1991m	@tt1991m	675.6	681.51	Я на автобус и я вырубился и следующий момент я встаю уже эээ так типа ну в Эстонии //
text@tt1991m	@tt1991m	684.512	685.792	Хреновуху / да //
text@tt1991m	@tt1991m	685.932	690.852	А мы еще с Ильичом еще такие ну мы пришли / мы все были в баре вместе пришли назад //
text@tt1991m	@tt1991m	691.822	695.542	Еще пошли с Ильичем отдельно / еще взяли по рюмочке //
text@tt1991m	@tt1991m	697.602	701.692	Здесь секьюрити / достаточно / ну / серьезная //
text@tt1991m	@tt1991m	702.3	706.9	Что у нас типа / я не знаю / может у нас типа пятнадцать минут есть время //
text@tt1991m	@tt1991m	707.49	709.64	Пятнадцать / может десять / может пять //
text@tt1991m	@tt1991m	710.06	711.48	Не знаю как повезет //
text@tt1991m	@tt1991m	720.93	727.13	Да / он такой / всегда был / дэд / дэ... дэд довольно район такой очень junkie shit //
text@tt1991m	@tt1991m	728.23	729.41	Вот //
text@tt1991m	@tt1991m	734.6	735.34	Да //
text@tt1991m	@tt1991m	743.605	745.115	Пика-пика / грх //
text@tt1991m	@tt1991m	746.62	752.0	Да / да / но уже нету потому что здесь а / здесь дохуя больше домов было //
text@tt1991m	@tt1991m	752.35	757.83	Вот да / видишь вот это всё всё они все были вот / э ну застроены вот такими же домами //
text@tt1991m	@tt1991m	759.4	764.5	Ай / чувак / вот здесь мы проезжали где-то там походу есть где-то да //
text@tt1991m	@tt1991m	765.15	767.16	Уже сносено / да / ну //
text@tt1991m	@tt1991m	768.385	771.115	#всхлип# Не / Каша еще не было тогда //
text@tt1991m	@tt1991m	772.41	775.58	Нинтендо-бой / до этого супер-Марио тоже был //
text@tt1991m	@tt1991m	775.695	777.435	Третью я проходил очень много //
text@tt1991m	@tt1991m	778.165	782.825	Супер Марио Три где еще он может костюмы получать и летать и где еще хвостик да //
text@tt1991m	@tt1991m	787.792	790.637	Да / но это было всё везде типа вокруг да //
text@tt1991m	@tt1991m	790.637	792.217	Прикинь секьюрити такое //
text@tt1991m	@tt1991m	794.777	796.337	Пиздец #смех#
text@tt1991m	@tt1991m	796.337	801.44	Ну он такой пимп чувак / ну у него походу он щас больше пимп да чем раньше еще был //
text@tt1991m	@tt1991m	802.358	804.058	#смех# For sure //
text@tt1991m	@tt1991m	804.563	806.589	Камон #смех# //
text@tt1991m	@tt1991m	808.354	810.065	Столько же много / можно придумать //
text@tt1991m	@tt1991m	812.708	813.93	Жесть #смех# //
text@tt1991m	@tt1991m	814.274	815.241	Надо предложить //
text@tt1991m	@tt1991m	820.466	826.666	А / моя мама директор в садике / и / папка / ну типа строитель //
text@tt1991m	@tt1991m	829.049	829.638	Неа //
text@tt1991m	@tt1991m	833.964	834.498	Да //
text@tt1991m	@tt1991m	838.0	841.978	Они уже типа окей они привыкли / они / ну / да //
text@tt1991m	@tt1991m	842.071	844.522	Мне папка там идеи подкидывает всё время //
text@tt1991m	@tt1991m	844.537	848.722	Пару дней назад допустим у них был папа там / слушай надо плакаты продавать //
text@tt1991m	@tt1991m	848.737	852.16	Мама говорит ну типа такой знаешь ну типа такой прикольный вообще //
text@tt1991m	@tt1991m	857.127	859.038	Да / бывало //
text@tt1991m	@tt1991m	859.121	863.922	Ну никогда типа ничего не / эээ / не удавалось / ааа / отобрать //
text@tt1991m	@tt1991m	863.963	870.2	Ну типа ты один идешь и у тебя уже этот / ааа / #нрзб# sense что прятать там телефон в трусы //
text@tt1991m	@tt1991m	870.206	874.284	Ну знаешь это такие маленькие вещи которые могут тебе много типа помочь //
text@tt1991m	@tt1991m	874.296	883.566	Легче сказать если у тебя нету ничего а он типа смотрит по карманам и у тебя ничего нету и у тебя реально ничего нету если у тебя там что-то есть а ты говоришь нету и это как бы / плохо заканчивается //
text@tt1991m	@tt1991m	888.807	890.422	#смех# тоже такое говорили //
text@tt1991m	@tt1991m	890.452	895.732	Я первый раз в телецентр добрался когда мне было типа двадцать один наверно двадцать два //
text@tt1991m	@tt1991m	895.732	901.577	Мы вообще в клуб никогда не ходили у меня не было этого / ну этой культуры что типа на вечерину ехать //
text@tt1991m	@tt1991m	901.779	905.357	Типа / все ну на... в худи чиллят такие //
text@tt1991m	@tt1991m	905.495	908.517	Ну давай лучше там / на другое скинемся что-то //
text@tt1991m	@tt1991m	908.555	910.233	#нрзб# на такси знаешь //
text@tt1991m	@tt1991m	911.4	912.489	#смех#
text@tt1991m	@tt1991m	913.419	917.208	Да / да да да / ну ты ж знаешь здесь всё легко достать //
text@tt1991m	@tt1991m	919.919	920.575	Неа //
text@tt1991m	@tt1991m	923.232	926.976	Да я / за healthy lifestyle //
text@tt1991m	@tt1991m	928.159	931.293	Никогда не пробовал / я это //
text@tt1991m	@tt1991m	932.54	934.022	#нрзб# всё //
text@tt1991m	@tt1991m	934.059	940.892	Ходите в школу / учитесь / будьте умнее // секс только после когда / эээ ну поженились //
text@tt1991m	@tt1991m	943.927	947.749	Ну да / virgin / то же самое / то же самое бро //
text@tt1991m	@tt1991m	951.33	954.2	Я вылетел в одиннадцатой шк... в одиннадцатом классе //
text@tt1991m	@tt1991m	955.495	957.51	Эээ / просто вылетел из школы //
text@tt1991m	@tt1991m	959.02	959.53	Да //
text@tt1991m	@tt1991m	961.52	964.42	Потому что я понял что / я всё сам сделаю //
text@tt1991m	@tt1991m	967.27	968.67	Были //
text@tt1991m	@tt1991m	968.71	973.0	Ну я ж из дома ушел тада и я жил у подруги типа / вот год тада //
text@tt1991m	@tt1991m	973.045	975.265	А у подруги было типа двадцать пять лет //
text@tt1991m	@tt1991m	976.765	981.095	Да / она вообще девчонка была на плэйбой ковере в это время #смех# тоже такая //
text@tt1991m	@tt1991m	983.47	985.69	Она мне пришла на тренировку танцы //
text@tt1991m	@tt1991m	987.745	990.775	Да / да / я давал уроки мне было шестнадцать //
text@tt1991m	@tt1991m	995.405	995.715	Да //
text@tt1991m	@tt1991m	997.205	998.6	#смех#
text@tt1991m	@tt1991m	1006.62	1009.34	Танцую пять часов получишь двадцать пять евро что-то такое //
text@tt1991m	@tt1991m	1009.4	1013.64	Еще го-го дэнс есть / тебя берут типа на го-го дэнс я один раз был //
text@tt1991m	@tt1991m	1013.78	1015.3	Ты типа / ну да //
text@tt1991m	@tt1991m	1016.465	1025.445	Ну / я был один раз ну не в трусах ну в большинстве эти люди делают как в трусах да как Тупак знаете фотку Тупака знаете где он в трусиках //
text@tt1991m	@tt1991m	1025.535	1026.835	Вот типа что-то такое //
text@tt1991m	@tt1991m	1026.875	1035.37	Ну это как бы вид выживания / у танцоров / тебе другой возможности нет и ты такой бери это / хочешь такой да нет ну и не будешь кушать //
text@nr1986m	@nr1986m	658.495	659.725	И пригласила приехать ? //
text@nr1986m	@nr1986m	664.27	668.42	Ваш первый приезд вы напились вот это то / о чем ты рассказывал / в зашкварных историях ? //
text@nr1986m	@nr1986m	735.56	742.85	Я прям представляю как в этих домах / вот г... с где Пикачу нарисован на стенах / сидят люди и жалятся себе в / веняки //
text@nr1986m	@nr1986m	757.85	759.23	Тут есть / твое граффити ? //
text@nr1986m	@nr1986m	767.03	768.24	Ты просто тэгал Кэш ? //
text@nr1986m	@nr1986m	771.31	772.27	Как ты себя называл ? //
text@nr1986m	@nr1986m	780.765	781.805	Да / да-да //
text@nr1986m	@nr1986m	806.576	812.622	Мне кажется / знаешь / было бы / короче / офигенно... офигенный коллаб / ты / Киркоров и Чарли ЭксСиИкс //
text@nr1986m	@nr1986m	894.077	895.055	Серьезно ? ! //
text@nr1986m	@nr1986m	911.4	912.489	#смех#
text@nr1986m	@nr1986m	926.977	928.099	Даже травку не курил ? //
text@nr1986m	@nr1986m	947.97	949.825	Ну да / погнали //
text@nr1986m	@nr1986m	964.49	966.69	А родители / не были злыми на тебя за это ? //
text@nr1986m	@nr1986m	998.615	1000.205	Респект улиц ты получил //
text@nr1986m	@nr1986m	1000.21	1006.62	А скажи / ты рассказывал в интервью что ты работал на подтанцовке у каких-то местных шансон-исполнителей ? //
text@vt1986m	@vt1986m	653.93	655.73	Как случилось ваше знакомство с Ильичом ? //
text@vt1986m	@vt1986m	669.095	671.845	А ты реально не понял... не помнил как ты добрался до дома ? //
text@vt1986m	@vt1986m	682.195	684.8	Ну получается наверное пили всю ночь / за знакомство //
text@vt1986m	@vt1986m	706.93	707.37	Скока ? //
text@vt1986m	@vt1986m	711.48	714.3	Реально очень жутко выглядит / похоже / на Silent Hill какой-то //
text@vt1986m	@vt1986m	729.47	734.33	Тут / прям / продавали героин / сидели барыги / и приезжали толпы местных наркоманов ? //
text@vt1986m	@vt1986m	745.04	746.6	Ты жил / в одном из этих домов ? //
text@vt1986m	@vt1986m	782.865	788.78	В перерывах между играми смотрел / а / клипы Киркорова / выступления там / Куклачева //
text@vt1986m	@vt1986m	792.227	794.747	С ружьем такой / #нрзб# / #смех# //
text@vt1986m	@vt1986m	801.437	802.387	Ты бы заколлабился ? //
text@vt1986m	@vt1986m	816.812	819.823	Расскажи о своей семье / чем занимались твои родители ? //
text@vt1986m	@vt1986m	826.783	828.727	Легко ли они приняли твой выбор ? //
text@vt1986m	@vt1986m	829.674	837.9	Мне интересно просто / например твоя мама смотрит клип где из вагины твое лицо / и она не говорила тебе / Томми ну / ну //
text@vt1986m	@vt1986m	853.621	857.133	У тебя были в детстве случаи когда прям до тебя / торчки / докапывались? //
text@vt1986m	@vt1986m	883.576	888.099	Как у нас говорили на районе / ааа / если найду ебало бью #смех# //
text@vt1986m	@vt1986m	910.427	912.444	На другое например #смех# //
text@vt1986m	@vt1986m	912.72	913.364	На героин //
text@vt1986m	@vt1986m	917.233	919.756	Тебя вот тема наркотиков никогда не касалась ? //
text@vt1986m	@vt1986m	921.321	922.888	То есть как-то / удержался ? //
text@vt1986m	@vt1986m	940.894	943.594	Ну я как неженатый человек вот без секса живу //
text@vt1986m	@vt1986m	947.97	949.825	Ну дай / кулачок тогда //
text@vt1986m	@vt1986m	954.29	954.84	Почему ? //
text@vt1986m	@vt1986m	957.54	958.96	Положил болт на учебу ? //
text@vt1986m	@vt1986m	959.845	960.715	Почему ? //
text@vt1986m	@vt1986m	967.27	968.67	#смех#
text@vt1986m	@vt1986m	975.415	976.715	А это была старшая подруга ? //
text@vt1986m	@vt1986m	981.17	983.37	Как ты ее смог / захомутать ? //
text@vt1986m	@vt1986m	985.85	987.66	А / ты уже тогда преподавал ? //
text@vt1986m	@vt1986m	990.79	995.36	Подожди тебе то есть тебе шестнадцать и ты замутил с двадцатипятилетней чикой ? //
text@vt1986m	@vt1986m	995.935	996.595	Красавчик //
text@vt1986m	@vt1986m	1015.31	1016.38	Ты в трусах танцуешь ? //
words@tt1991m	@tt1991m	656.24	656.558	Алина
words@tt1991m	@tt1991m	656.558	656.876	мне
words@tt1991m	@tt1991m	656.876	657.194	позвонила
words@tt1991m	@tt1991m	657.194	657.512	/
words@tt1991m	@tt1991m	657.512	657.83	эээ
words@tt1991m	@tt1991m	657.83	658.148	/
words@tt1991m	@tt1991m	658.148	658.47	/
words@tt1991m	@tt1991m	659.725	659.991	Да
words@tt1991m	@tt1991m	659.991	660.257	а
words@tt1991m	@tt1991m	660.257	660.523	я
words@tt1991m	@tt1991m	660.523	660.789	по-русскому
words@tt1991m	@tt1991m	660.789	661.055	говорю
words@tt1991m	@tt1991m	661.055	661.321	/
words@tt1991m	@tt1991m	661.321	661.587	она...
words@tt1991m	@tt1991m	661.587	661.853	они
words@tt1991m	@tt1991m	661.853	662.119	не
words@tt1991m	@tt1991m	662.119	662.385	знали
words@tt1991m	@tt1991m	662.385	662.651	что
words@tt1991m	@tt1991m	662.651	662.917	я
words@tt1991m	@tt1991m	662.917	663.183	по-русскому
words@tt1991m	@tt1991m	663.183	663.449	умею
words@tt1991m	@tt1991m	663.449	663.715	говорить
words@tt1991m	@tt1991m	663.715	663.981	/
words@tt1991m	@tt1991m	663.981	664.255	/
words@tt1991m	@tt1991m	666.405	666.576	Да
words@tt1991m	@tt1991m	666.576	666.747	/
words@tt1991m	@tt1991m	666.747	666.92	/
words@tt1991m	@tt1991m	667.445	667.553	Да
words@tt1991m	@tt1991m	667.553	667.661	/
words@tt1991m	@tt1991m	667.661	667.77	/
words@tt1991m	@tt1991m	668.525	668.691	Да
words@tt1991m	@tt1991m	668.691	668.857	/
words@tt1991m	@tt1991m	668.857	669.025	/
words@tt1991m	@tt1991m	671.865	672.098	Нет
words@tt1991m	@tt1991m	672.098	672.331	/
words@tt1991m	@tt1991m	672.331	672.564	я
words@tt1991m	@tt1991m	672.564	672.797	реально
words@tt1991m	@tt1991m	672.797	673.03	я
words@tt1991m	@tt1991m	673.03	673.263	/
words@tt1991m	@tt1991m	673.263	673.496	с
words@tt1991m	@tt1991m	673.496	673.729	этого
words@tt1991m	@tt1991m	673.729	673.962	момента
words@tt1991m	@tt1991m	673.962	674.195	никогда
words@tt1991m	@tt1991m	674.195	674.428	так
words@tt1991m	@tt1991m	674.428	674.661	не
words@tt1991m	@tt1991m	674.661	674.894	пил
words@tt1991m	@tt1991m	674.894	675.127	больше
words@tt1991m	@tt1991m	675.127	675.36	/
words@tt1991m	@tt1991m	675.36	675.598	/
words@tt1991m	@tt1991m	675.6	675.895	Я
words@tt1991m	@tt1991m	675.895	676.19	на
words@tt1991m	@tt1991m	676.19	676.485	автобус
words@tt1991m	@tt1991m	676.485	676.78	и
words@tt1991m	@tt1991m	676.78	677.075	я
words@tt1991m	@tt1991m	677.075	677.37	вырубился
words@tt1991m	@tt1991m	677.37	677.665	и
words@tt1991m	@tt1991m	677.665	677.96	следующий
words@tt1991m	@tt1991m	677.96	678.255	момент
words@tt1991m	@tt1991m	678.255	678.55	я
words@tt1991m	@tt1991m	678.55	678.845	встаю
words@tt1991m	@tt1991m	678.845	679.14	уже
words@tt1991m	@tt1991m	679.14	679.435	эээ
words@tt1991m	@tt1991m	679.435	679.73	так
words@tt1991m	@tt1991m	679.73	680.025	типа
words@tt1991m	@tt1991m	680.025	680.32	ну
words@tt1991m	@tt1991m	680.32	680.615	в
words@tt1991m	@tt1991m	680.615	680.91	Эстонии
words@tt1991m	@tt1991m	680.91	681.205	/
words@tt1991m	@tt1991m	681.205	681.51	/
words@tt1991m	@tt1991m	684.512	684.768	Хреновуху
words@tt1991m	@tt1991m	684.768	685.024	/
words@tt1991m	@tt1991m	685.024	685.28	да
words@tt1991m	@tt1991m	685.28	685.536	/
words@tt1991m	@tt1991m	685.536	685.792	/
words@tt1991m	@tt1991m	685.932	686.166	А
words@tt1991m	@tt1991m	686.166	686.4	мы
words@tt1991m	@tt1991m	686.4	686.634	еще
words@tt1991m	@tt1991m	686.634	686.868	с
words@tt1991m	@tt1991m	686.868	687.102	Ильичом
words@tt1991m	@tt1991m	687.102	687.336	еще
words@tt1991m	@tt1991m	687.336	687.57	такие
words@tt1991m	@tt1991m	687.57	687.804	ну
words@tt1991m	@tt1991m	687.804	688.038	мы
words@tt1991m	@tt1991m	688.038	688.272	пришли
words@tt1991m	@tt1991m	688.272	688.506	/
words@tt1991m	@tt1991m	688.506	688.74	мы
words@tt1991m	@tt1991m	688.74	688.974	все
words@tt1991m	@tt1991m	688.974	689.208	были
words@tt1991m	@tt1991m	689.208	689.442	в
words@tt1991m	@tt1991m	689.442	689.676	баре
words@tt1991m	@tt1991m	689.676	689.91	вместе
words@tt1991m	@tt1991m	689.91	690.144	пришли
words@tt1991m	@tt1991m	690.144	690.378	назад
words@tt1991m	@tt1991m	690.378	690.612	/
words@tt1991m	@tt1991m	690.612	690.852	/
words@tt1991m	@tt1991m	691.822	692.132	Еще
words@tt1991m	@tt1991m	692.132	692.442	пошли
words@tt1991m	@tt1991m	692.442	692.752	с
words@tt1991m	@tt1991m	692.752	693.062	Ильичем
words@tt1991m	@tt1991m	693.062	693.372	отдельно
words@tt1991m	@tt1991m	693.372	693.682	/
words@tt1991m	@tt1991m	693.682	693.992	еще
words@tt1991m	@tt1991m	693.992	694.302	взяли
words@tt1991m	@tt1991m	694.302	694.612	по
words@tt1991m	@tt1991m	694.612	694.922	рюмочке
words@tt1991m	@tt1991m	694.922	695.232	/
words@tt1991m	@tt1991m	695.232	695.542	/
words@tt1991m	@tt1991m	697.602	698.011	Здесь
words@tt1991m	@tt1991m	698.011	698.42	секьюрити
words@tt1991m	@tt1991m	698.42	698.829	/
words@tt1991m	@tt1991m	698.829	699.238	достаточно
words@tt1991m	@tt1991m	699.238	699.647	/
words@tt1991m	@tt1991m	699.647	700.056	ну
words@tt1991m	@tt1991m	700.056	700.465	/
words@tt1991m	@tt1991m	700.465	700.874	серьезная
words@tt1991m	@tt1991m	700.874	701.283	/
words@tt1991m	@tt1991m	701.283	701.692	/
words@tt1991m	@tt1991m	702.3	702.542	Что
words@tt1991m	@tt1991m	702.542	702.784	у
words@tt1991m	@tt1991m	702.784	703.026	нас
words@tt1991m	@tt1991m	703.026	703.268	типа
words@tt1991m	@tt1991m	703.268	703.51	/
words@tt1991m	@tt1991m	703.51	703.752	я
words@tt1991m	@tt1991m	703.752	703.994	не
words@tt1991m	@tt1991m	703.994	704.236	знаю
words@tt1991m	@tt1991m	704.236	704.478	/
words@tt1991m	@tt1991m	704.478	704.72	может
words@tt1991m	@tt1991m	704.72	704.962	у
words@tt1991m	@tt1991m	704.962	705.204	нас
words@tt1991m	@tt1991m	705.204	705.446	типа
words@tt1991m	@tt1991m	705.446	705.688	пятнадцать
words@tt1991m	@tt1991m	705.688	705.93	минут
words@tt1991m	@tt1991m	705.93	706.172	есть
words@tt1991m	@tt1991m	706.172	706.414	время
words@tt1991m	@tt1991m	706.414	706.656	/
words@tt1991m	@tt1991m	706.656	706.9	/
words@tt1991m	@tt1991m	707.49	707.728	Пятнадцать
words@tt1991m	@tt1991m	707.728	707.966	/
words@tt1991m	@tt1991m	707.966	708.204	может
words@tt1991m	@tt1991m	708.204	708.442	десять
words@tt1991m	@tt1991m	708.442	708.68	/
words@tt1991m	@tt1991m	708.68	708.918	может
words@tt1991m	@tt1991m	708.918	709.156	пять
words@tt1991m	@tt1991m	709.156	709.394	/
words@tt1991m	@tt1991m	709.394	709.64	/
words@tt1991m	@tt1991m	710.06	710.296	Не
words@tt1991m	@tt1991m	710.296	710.532	знаю
words@tt1991m	@tt1991m	710.532	710.768	как
words@tt1991m	@tt1991m	710.768	711.004	повезет
words@tt1991m	@tt1991m	711.004	711.24	/
words@tt1991m	@tt1991m	711.24	711.48	/
words@tt1991m	@tt1991m	720.93	721.24	Да
words@tt1991m	@tt1991m	721.24	721.55	/
words@tt1991m	@tt1991m	721.55	721.86	он
words@tt1991m	@tt1991m	721.86	722.17	такой
words@tt1991m	@tt1991m	722.17	722.48	/
words@tt1991m	@tt1991m	722.48	722.79	всегда
words@tt1991m	@tt1991m	722.79	723.1	был
words@tt1991m	@tt1991m	723.1	723.41	/
words@tt1991m	@tt1991m	723.41	723.72	дэд
words@tt1991m	@tt1991m	723.72	724.03	/
words@tt1991m	@tt1991m	724.03	724.34	дэ...
words@tt1991m	@tt1991m	724.34	724.65	дэд
words@tt1991m	@tt1991m	724.65	724.96	довольно
words@tt1991m	@tt1991m	724.96	725.27	район
words@tt1991m	@tt1991m	725.27	725.58	такой
words@tt1991m	@tt1991m	725.58	725.89	очень
words@tt1991m	@tt1991m	725.89	726.2	junkie
words@tt1991m	@tt1991m	726.2	726.51	shit
words@tt1991m	@tt1991m	726.51	726.82	/
words@tt1991m	@tt1991m	726.82	727.13	/
words@tt1991m	@tt1991m	728.23	728.623	Вот
words@tt1991m	@tt1991m	728.623	729.016	/
words@tt1991m	@tt1991m	729.016	729.41	/
words@tt1991m	@tt1991m	734.6	734.846	Да
words@tt1991m	@tt1991m	734.846	735.092	/
words@tt1991m	@tt1991m	735.092	735.34	/
words@tt1991m	@tt1991m	743.605	743.907	Пика-пика
words@tt1991m	@tt1991m	743.907	744.209	/
words@tt1991m	@tt1991m	744.209	744.511	грх
words@tt1991m	@tt1991m	744.511	744.813	/
words@tt1991m	@tt1991m	744.813	745.115	/
words@tt1991m	@tt1991m	746.62	746.903	Да
words@tt1991m	@tt1991m	746.903	747.186	/
words@tt1991m	@tt1991m	747.186	747.469	да
words@tt1991m	@tt1991m	747.469	747.752	/
words@tt1991m	@tt1991m	747.752	748.035	но
words@tt1991m	@tt1991m	748.035	748.318	уже
words@tt1991m	@tt1991m	748.318	748.601	нету
words@tt1991m	@tt1991m	748.601	748.884	потому
words@tt1991m	@tt1991m	748.884	749.167	что
words@tt1991m	@tt1991m	749.167	749.45	здесь
words@tt1991m	@tt1991m	749.45	749.733	а
words@tt1991m	@tt1991m	749.733	750.016	/
words@tt1991m	@tt1991m	750.016	750.299	здесь
words@tt1991m	@tt1991m	750.299	750.582	дохуя
words@tt1991m	@tt1991m	750.582	750.865	больше
words@tt1991m	@tt1991m	750.865	751.148	домов
words@tt1991m	@tt1991m	751.148	751.431	было
words@tt1991m	@tt1991m	751.431	751.714	/
words@tt1991m	@tt1991m	751.714	752.0	/
words@tt1991m	@tt1991m	752.35	752.599	Вот
words@tt1991m	@tt1991m	752.599	752.848	да
words@tt1991m	@tt1991m	752.848	753.097	/
words@tt1991m	@tt1991m	753.097	753.346	видишь
words@tt1991m	@tt1991m	753.346	753.595	вот
words@tt1991m	@tt1991m	753.595	753.844	это
words@tt1991m	@tt1991m	753.844	754.093	всё
words@tt1991m	@tt1991m	754.093	754.342	всё
words@tt1991m	@tt1991m	754.342	754.591	они
words@tt1991m	@tt1991m	754.591	754.84	все
words@tt1991m	@tt1991m	754.84	755.089	были
words@tt1991m	@tt1991m	755.089	755.338	вот
words@tt1991m	@tt1991m	755.338	755.587	/
words@tt1991m	@tt1991m	755.587	755.836	э
words@tt1991m	@tt1991m	755.836	756.085	ну
words@tt1991m	@tt1991m	756.085	756.334	застроены
words@tt1991m	@tt1991m	756.334	756.583	вот
words@tt1991m	@tt1991m	756.583	756.832	такими
words@tt1991m	@tt1991m	756.832	757.081	же
words@tt1991m	@tt1991m	757.081	757.33	домами
words@tt1991m	@tt1991m	757.33	757.579	/
words@tt1991m	@tt1991m	757.579	757.83	/
words@tt1991m	@tt1991m	759.4	759.718	Ай
words@tt1991m	@tt1991m	759.718	760.036	/
words@tt1991m	@tt1991m	760.036	760.354	чувак
words@tt1991m	@tt1991m	760.354	760.672	/
words@tt1991m	@tt1991m	760.672	760.99	вот
words@tt1991m	@tt1991m	760.99	761.308	здесь
words@tt1991m	@tt1991m	761.308	761.626	мы
words@tt1991m	@tt1991m	761.626	761.944	проезжали
words@tt1991m	@tt1991m	761.944	762.262	где-то
words@tt1991m	@tt1991m	762.262	762.58	там
words@tt1991m	@tt1991m	762.58	762.898	походу
words@tt1991m	@tt1991m	762.898	763.216	есть
words@tt1991m	@tt1991m	763.216	763.534	где-то
words@tt1991m	@tt1991m	763.534	763.852	да
words@tt1991m	@tt1991m	763.852	764.17	/
words@tt1991m	@tt1991m	764.17	764.5	/
words@tt1991m	@tt1991m	765.15	765.401	Уже
words@tt1991m	@tt1991m	765.401	765.652	сносено
words@tt1991m	@tt1991m	765.652	765.903	/
words@tt1991m	@tt1991m	765.903	766.154	да
words@tt1991m	@tt1991m	766.154	766.405	/
words@tt1991m	@tt1991m	766.405	766.656	ну
words@tt1991m	@tt1991m	766.656	766.907	/
words@tt1991m	@tt1991m	766.907	767.16	/
words@tt1991m	@tt1991m	768.385	768.658	#всхлип#
words@tt1991m	@tt1991m	768.658	768.931	Не
words@tt1991m	@tt1991m	768.931	769.204	/
words@tt1991m	@tt1991m	769.204	769.477	Каша
words@tt1991m	@tt1991m	769.477	769.75	еще
words@tt1991m	@tt1991m	769.75	770.023	не
words@tt1991m	@tt1991m	770.023	770.296	было
words@tt1991m	@tt1991m	770.296	770.569	тогда
words@tt1991m	@tt1991m	770.569	770.842	/
words@tt1991m	@tt1991m	770.842	771.115	/
words@tt1991m	@tt1991m	772.41	772.762	Нинтендо-бой
words@tt1991m	@tt1991m	772.762	773.114	/
words@tt1991m	@tt1991m	773.114	773.466	до
words@tt1991m	@tt1991m	773.466	773.818	этого
words@tt1991m	@tt1991m	773.818	774.17	супер-Марио
words@tt1991m	@tt1991m	774.17	774.522	тоже
words@tt1991m	@tt1991m	774.522	774.874	был
words@tt1991m	@tt1991m	774.874	775.226	/
words@tt1991m	@tt1991m	775.226	775.58	/
words@tt1991m	@tt1991m	775.695	775.943	Третью
words@tt1991m	@tt1991m	775.943	776.191	я
words@tt1991m	@tt1991m	776.191	776.439	проходил
words@tt1991m	@tt1991m	776.439	776.687	очень
words@tt1991m	@tt1991m	776.687	776.935	много
words@tt1991m	@tt1991m	776.935	777.183	/
words@tt1991m	@tt1991m	777.183	777.435	/
words@tt1991m	@tt1991m	778.165	778.423	Супер
words@tt1991m	@tt1991m	778.423	778.681	Марио
words@tt1991m	@tt1991m	778.681	778.939	Три
words@tt1991m	@tt1991m	778.939	779.197	где
words@tt1991m	@tt1991m	779.197	779.455	еще
words@tt1991m	@tt1991m	779.455	779.713	он
words@tt1991m	@tt1991m	779.713	779.971	может
words@tt1991m	@tt1991m	779.971	780.229	костюмы
words@tt1991m	@tt1991m	780.229	780.487	получать
words@tt1991m	@tt1991m	780.487	780.745	и
words@tt1991m	@tt1991m	780.745	781.003	летать
words@tt1991m	@tt1991m	781.003	781.261	и
words@tt1991m	@tt1991m	781.261	781.519	где
words@tt1991m	@tt1991m	781.519	781.777	еще
words@tt1991m	@tt1991m	781.777	782.035	хвостик
words@tt1991m	@tt1991m	782.035	782.293	да
words@tt1991m	@tt1991m	782.293	782.551	/
words@tt1991m	@tt1991m	782.551	782.825	/
words@tt1991m	@tt1991m	787.792	788.029	Да
words@tt1991m	@tt1991m	788.029	788.266	/
words@tt1991m	@tt1991m	788.266	788.503	но
words@tt1991m	@tt1991m	788.503	788.74	это
words@tt1991m	@tt1991m	788.74	788.977	было
words@tt1991m	@tt1991m	788.977	789.214	всё
words@tt1991m	@tt1991m	789.214	789.451	везде
words@tt1991m	@tt1991m	789.451	789.688	типа
words@tt1991m	@tt1991m	789.688	789.925	вокруг
words@tt1991m	@tt1991m	789.925	790.162	да
words@tt1991m	@tt1991m	790.162	790.399	/
words@tt1991m	@tt1991m	790.399	790.637	/
words@tt1991m	@tt1991m	790.637	790.953	Прикинь
words@tt1991m	@tt1991m	790.953	791.269	секьюрити
words@tt1991m	@tt1991m	791.269	791.585	такое
words@tt1991m	@tt1991m	791.585	791.901	/
words@tt1991m	@tt1991m	791.901	792.217	/
words@tt1991m	@tt1991m	794.777	795.557	Пиздец
words@tt1991m	@tt1991m	795.557	796.337	#смех#
words@tt1991m	@tt1991m	796.337	796.58	Ну
words@tt1991m	@tt1991m	796.58	796.823	он
words@tt1991m	@tt1991m	796.823	797.066	такой
words@tt1991m	@tt1991m	797.066	797.309	пимп
words@tt1991m	@tt1991m	797.309	797.552	чувак
words@tt1991m	@tt1991m	797.552	797.795	/
words@tt1991m	@tt1991m	797.795	798.038	ну
words@tt1991m	@tt1991m	798.038	798.281	у
words@tt1991m	@tt1991m	798.281	798.524	него
words@tt1991m	@tt1991m	798.524	798.767	походу
words@tt1991m	@tt1991m	798.767	799.01	он
words@tt1991m	@tt1991m	799.01	799.253	щас
words@tt1991m	@tt1991m	799.253	799.496	больше
words@tt1991m	@tt1991m	799.496	799.739	пимп
words@tt1991m	@tt1991m	799.739	799.982	да
words@tt1991m	@tt1991m	799.982	800.225	чем
words@tt1991m	@tt1991m	800.225	800.468	раньше
words@tt1991m	@tt1991m	800.468	800.711	еще
words@tt1991m	@tt1991m	800.711	800.954	был
words@tt1991m	@tt1991m	800.954	801.197	/
words@tt1991m	@tt1991m	801.197	801.44	/
words@tt1991m	@tt1991m	802.358	802.698	#смех#
words@tt1991m	@tt1991m	802.698	803.038	For
words@tt1991m	@tt1991m	803.038	803.378	sure
words@tt1991m	@tt1991m	803.378	803.718	/
words@tt1991m	@tt1991m	803.718	804.058	/
words@tt1991m	@tt1991m	804.563	805.069	Камон
words@tt1991m	@tt1991m	805.069	805.575	#смех#
words@tt1991m	@tt1991m	805.575	806.081	/
words@tt1991m	@tt1991m	806.081	806.589	/
words@tt1991m	@tt1991m	808.354	808.567	Столько
words@tt1991m	@tt1991m	808.567	808.78	же
words@tt1991m	@tt1991m	808.78	808.993	много
words@tt1991m	@tt1991m	808.993	809.206	/
words@tt1991m	@tt1991m	809.206	809.419	можно
words@tt1991m	@tt1991m	809.419	809.632	придумать
words@tt1991m	@tt1991m	809.632	809.845	/
words@tt1991m	@tt1991m	809.845	810.065	/
words@tt1991m	@tt1991m	812.708	813.013	Жесть
words@tt1991m	@tt1991m	813.013	813.318	#смех#
words@tt1991m	@tt1991m	813.318	813.623	/
words@tt1991m	@tt1991m	813.623	813.93	/
words@tt1991m	@tt1991m	814.274	814.515	Надо
words@tt1991m	@tt1991m	814.515	814.756	предложить
words@tt1991m	@tt1991m	814.756	814.997	/
words@tt1991m	@tt1991m	814.997	815.241	/
words@tt1991m	@tt1991m	820.466	820.83	А
words@tt1991m	@tt1991m	820.83	821.194	/
words@tt1991m	@tt1991m	821.194	821.558	моя
words@tt1991m	@tt1991m	821.558	821.922	мама
words@tt1991m	@tt1991m	821.922	822.286	директор
words@tt1991m	@tt1991m	822.286	822.65	в
words@tt1991m	@tt1991m	822.65	823.014	садике
words@tt1991m	@tt1991m	823.014	823.378	/
words@tt1991m	@tt1991m	823.378	823.742	и
words@tt1991m	@tt1991m	823.742	824.106	/
words@tt1991m	@tt1991m	824.106	824.47	папка
words@tt1991m	@tt1991m	824.47	824.834	/
words@tt1991m	@tt1991m	824.834	825.198	ну
words@tt1991m	@tt1991m	825.198	825.562	типа
words@tt1991m	@tt1991m	825.562	825.926	строитель
words@tt1991m	@tt1991m	825.926	826.29	/
words@tt1991m	@tt1991m	826.29	826.666	/
words@tt1991m	@tt1991m	829.049	829.245	Неа
words@tt1991m	@tt1991m	829.245	829.441	/
words@tt1991m	@tt1991m	829.441	829.638	/
words@tt1991m	@tt1991m	833.964	834.142	Да
words@tt1991m	@tt1991m	834.142	834.32	/
words@tt1991m	@tt1991m	834.32	834.498	/
words@tt1991m	@tt1991m	838.0	838.284	Они
words@tt1991m	@tt1991m	838.284	838.568	уже
words@tt1991m	@tt1991m	838.568	838.852	типа
words@tt1991m	@tt1991m	838.852	839.136	окей
words@tt1991m	@tt1991m	839.136	839.42	они
words@tt1991m	@tt1991m	839.42	839.704	привыкли
words@tt1991m	@tt1991m	839.704	839.988	/
words@tt1991m	@tt1991m	839.988	840.272	они
words@tt1991m	@tt1991m	840.272	840.556	/
words@tt1991m	@tt1991m	840.556	840.84	ну
words@tt1991m	@tt1991m	840.84	841.124	/
words@tt1991m	@tt1991m	841.124	841.408	да
words@tt1991m	@tt1991m	841.408	841.692	/
words@tt1991m	@tt1991m	841.692	841.978	/
words@tt1991m	@tt1991m	842.071	842.343	Мне
words@tt1991m	@tt1991m	842.343	842.615	папка
words@tt1991m	@tt1991m	842.615	842.887	там
words@tt1991m	@tt1991m	842.887	843.159	идеи
words@tt1991m	@tt1991m	843.159	843.431	подкидывает
words@tt1991m	@tt1991m	843.431	843.703	всё
words@tt1991m	@tt1991m	843.703	843.975	время
words@tt1991m	@tt1991m	843.975	844.247	/
words@tt1991m	@tt1991m	844.247	844.522	/
words@tt1991m	@tt1991m	844.537	844.798	Пару
words@tt1991m	@tt1991m	844.798	845.059	дней
words@tt1991m	@tt1991m	845.059	845.32	назад
words@tt1991m	@tt1991m	845.32	845.581	допустим
words@tt1991m	@tt1991m	845.581	845.842	у
words@tt1991m	@tt1991m	845.842	846.103	них
words@tt1991m	@tt1991m	846.103	846.364	был
words@tt1991m	@tt1991m	846.364	846.625	папа
words@tt1991m	@tt1991m	846.625	846.886	там
words@tt1991m	@tt1991m	846.886	847.147	/
words@tt1991m	@tt1991m	847.147	847.408	слушай
words@tt1991m	@tt1991m	847.408	847.669	надо
words@tt1991m	@tt1991m	847.669	847.93	плакаты
words@tt1991m	@tt1991m	847.93	848.191	продавать
words@tt1991m	@tt1991m	848.191	848.452	/
words@tt1991m	@tt1991m	848.452	848.722	/
words@tt1991m	@tt1991m	848.737	849.0	Мама
words@tt1991m	@tt1991m	849.0	849.263	говорит
words@tt1991m	@tt1991m	849.263	849.526	ну
words@tt1991m	@tt1991m	849.526	849.789	типа
words@tt1991m	@tt1991m	849.789	850.052	такой
words@tt1991m	@tt1991m	850.052	850.315	знаешь
words@tt1991m	@tt1991m	850.315	850.578	ну
words@tt1991m	@tt1991m	850.578	850.841	типа
words@tt1991m	@tt1991m	850.841	851.104	такой
words@tt1991m	@tt1991m	851.104	851.367	прикольный
words@tt1991m	@tt1991m	851.367	851.63	вообще
words@tt1991m	@tt1991m	851.63	851.893	/
words@tt1991m	@tt1991m	851.893	852.16	/
words@tt1991m	@tt1991m	857.127	857.509	Да
words@tt1991m	@tt1991m	857.509	857.891	/
words@tt1991m	@tt1991m	857.891	858.273	бывало
words@tt1991m	@tt1991m	858.273	858.655	/
words@tt1991m	@tt1991m	858.655	859.038	/
words@tt1991m	@tt1991m	859.121	859.421	Ну
words@tt1991m	@tt1991m	859.421	859.721	никогда
words@tt1991m	@tt1991m	859.721	860.021	типа
words@tt1991m	@tt1991m	860.021	860.321	ничего
words@tt1991m	@tt1991m	860.321	860.621	не
words@tt1991m	@tt1991m	860.621	860.921	/
words@tt1991m	@tt1991m	860.921	861.221	эээ
words@tt1991m	@tt1991m	861.221	861.521	/
words@tt1991m	@tt1991m	861.521	861.821	не
words@tt1991m	@tt1991m	861.821	862.121	удавалось
words@tt1991m	@tt1991m	862.121	862.421	/
words@tt1991m	@tt1991m	862.421	862.721	ааа
words@tt1991m	@tt1991m	862.721	863.021	/
words@tt1991m	@tt1991m	863.021	863.321	отобрать
words@tt1991m	@tt1991m	863.321	863.621	/
words@tt1991m	@tt1991m	863.621	863.922	/
words@tt1991m	@tt1991m	863.963	864.234	Ну
words@tt1991m	@tt1991m	864.234	864.505	типа
words@tt1991m	@tt1991m	864.505	864.776	ты
words@tt1991m	@tt1991m	864.776	865.047	один
words@tt1991m	@tt1991m	865.047	865.318	идешь
words@tt1991m	@tt1991m	865.318	865.589	и
words@tt1991m	@tt1991m	865.589	865.86	у
words@tt1991m	@tt1991m	865.86	866.131	тебя
words@tt1991m	@tt1991m	866.131	866.402	уже
words@tt1991m	@tt1991m	866.402	866.673	этот
words@tt1991m	@tt1991m	866.673	866.944	/
words@tt1991m	@tt1991m	866.944	867.215	ааа
words@tt1991m	@tt1991m	867.215	867.486	/
words@tt1991m	@tt1991m	867.486	867.757	#нрзб#
words@tt1991m	@tt1991m	867.757	868.028	sense
words@tt1991m	@tt1991m	868.028	868.299	что
words@tt1991m	@tt1991m	868.299	868.57	прятать
words@tt1991m	@tt1991m	868.57	868.841	там
words@tt1991m	@tt1991m	868.841	869.112	телефон
words@tt1991m	@tt1991m	869.112	869.383	в
words@tt1991m	@tt1991m	869.383	869.654	трусы
words@tt1991m	@tt1991m	869.654	869.925	/
words@tt1991m	@tt1991m	869.925	870.2	/
words@tt1991m	@tt1991m	870.206	870.497	Ну
words@tt1991m	@tt1991m	870.497	870.788	знаешь
words@tt1991m	@tt1991m	870.788	871.079	это
words@tt1991m	@tt1991m	871.079	871.37	такие
words@tt1991m	@tt1991m	871.37	871.661	маленькие
words@tt1991m	@tt1991m	871.661	871.952	вещи
words@tt1991m	@tt1991m	871.952	872.243	которые
words@tt1991m	@tt1991m	872.243	872.534	могут
words@tt1991m	@tt1991m	872.534	872.825	тебе
words@tt1991m	@tt1991m	872.825	873.116	много
words@tt1991m	@tt1991m	873.116	873.407	типа
words@tt1991m	@tt1991m	873.407	873.698	помочь
words@tt1991m	@tt1991m	873.698	873.989	/
words@tt1991m	@tt1991m	873.989	874.284	/
words@tt1991m	@tt1991m	874.296	874.511	Легче
words@tt1991m	@tt1991m	874.511	874.726	сказать
words@tt1991m	@tt1991m	874.726	874.941	если
words@tt1991m	@tt1991m	874.941	875.156	у
words@tt1991m	@tt1991m	875.156	875.371	тебя
words@tt1991m	@tt1991m	875.371	875.586	нету
words@tt1991m	@tt1991m	875.586	875.801	ничего
words@tt1991m	@tt1991m	875.801	876.016	а
words@tt1991m	@tt1991m	876.016	876.231	он
words@tt1991m	@tt1991m	876.231	876.446	типа
words@tt1991m	@tt1991m	876.446	876.661	смотрит
words@tt1991m	@tt1991m	876.661	876.876	по
words@tt1991m	@tt1991m	876.876	877.091	карманам
words@tt1991m	@tt1991m	877.091	877.306	и
words@tt1991m	@tt1991m	877.306	877.521	у
words@tt1991m	@tt1991m	877.521	877.736	тебя
words@tt1991m	@tt1991m	877.736	877.951	ничего
words@tt1991m	@tt1991m	877.951	878.166	нету
words@tt1991m	@tt1991m	878.166	878.381	и
words@tt1991m	@tt1991m	878.381	878.596	у
words@tt1991m	@tt1991m	878.596	878.811	тебя
words@tt1991m	@tt1991m	878.811	879.026	реально
words@tt1991m	@tt1991m	879.026	879.241	ничего
words@tt1991m	@tt1991m	879.241	879.456	нету
words@tt1991m	@tt1991m	879.456	879.671	если
words@tt1991m	@tt1991m	879.671	879.886	у
words@tt1991m	@tt1991m	879.886	880.101	тебя
words@tt1991m	@tt1991m	880.101	880.316	там
words@tt1991m	@tt1991m	880.316	880.531	что-то
words@tt1991m	@tt1991m	880.531	880.746	есть
words@tt1991m	@tt1991m	880.746	880.961	а
words@tt1991m	@tt1991m	880.961	881.176	ты
words@tt1991m	@tt1991m	881.176	881.391	говоришь
words@tt1991m	@tt1991m	881.391	881.606	нету
words@tt1991m	@tt1991m	881.606	881.821	и
words@tt1991m	@tt1991m	881.821	882.036	это
words@tt1991m	@tt1991m	882.036	882.251	как
words@tt1991m	@tt1991m	882.251	882.466	бы
words@tt1991m	@tt1991m	882.466	882.681	/
words@tt1991m	@tt1991m	882.681	882.896	плохо
words@tt1991m	@tt1991m	882.896	883.111	заканчивается
words@tt1991m	@tt1991m	883.111	883.326	/
words@tt1991m	@tt1991m	883.326	883.566	/
words@tt1991m	@tt1991m	888.807	889.076	#смех#
words@tt1991m	@tt1991m	889.076	889.345	тоже
words@tt1991m	@tt1991m	889.345	889.614	такое
words@tt1991m	@tt1991m	889.614	889.883	говорили
words@tt1991m	@tt1991m	889.883	890.152	/
words@tt1991m	@tt1991m	890.152	890.422	/
words@tt1991m	@tt1991m	890.452	890.762	Я
words@tt1991m	@tt1991m	890.762	891.072	первый
words@tt1991m	@tt1991m	891.072	891.382	раз
words@tt1991m	@tt1991m	891.382	891.692	в
words@tt1991m	@tt1991m	891.692	892.002	телецентр
words@tt1991m	@tt1991m	892.002	892.312	добрался
words@tt1991m	@tt1991m	892.312	892.622	когда
words@tt1991m	@tt1991m	892.622	892.932	мне
words@tt1991m	@tt1991m	892.932	893.242	было
words@tt1991m	@tt1991m	893.242	893.552	типа
words@tt1991m	@tt1991m	893.552	893.862	двадцать
words@tt1991m	@tt1991m	893.862	894.172	один
words@tt1991m	@tt1991m	894.172	894.482	наверно
words@tt1991m	@tt1991m	894.482	894.792	двадцать
words@tt1991m	@tt1991m	894.792	895.102	два
words@tt1991m	@tt1991m	895.102	895.412	/
words@tt1991m	@tt1991m	895.412	895.732	/
words@tt1991m	@tt1991m	895.732	895.986	Мы
words@tt1991m	@tt1991m	895.986	896.24	вообще
words@tt1991m	@tt1991m	896.24	896.494	в
words@tt1991m	@tt1991m	896.494	896.748	клуб
words@tt1991m	@tt1991m	896.748	897.002	никогда
words@tt1991m	@tt1991m	897.002	897.256	не
words@tt1991m	@tt1991m	897.256	897.51	ходили
words@tt1991m	@tt1991m	897.51	897.764	у
words@tt1991m	@tt1991m	897.764	898.018	меня
words@tt1991m	@tt1991m	898.018	898.272	не
words@tt1991m	@tt1991m	898.272	898.526	было
words@tt1991m	@tt1991m	898.526	898.78	этого
words@tt1991m	@tt1991m	898.78	899.034	/
words@tt1991m	@tt1991m	899.034	899.288	ну
words@tt1991m	@tt1991m	899.288	899.542	этой
words@tt1991m	@tt1991m	899.542	899.796	культуры
words@tt1991m	@tt1991m	899.796	900.05	что
words@tt1991m	@tt1991m	900.05	900.304	типа
words@tt1991m	@tt1991m	900.304	900.558	на
words@tt1991m	@tt1991m	900.558	900.812	вечерину
words@tt1991m	@tt1991m	900.812	901.066	ехать
words@tt1991m	@tt1991m	901.066	901.32	/
words@tt1991m	@tt1991m	901.32	901.577	/
words@tt1991m	@tt1991m	901.779	902.104	Типа
words@tt1991m	@tt1991m	902.104	902.429	/
words@tt1991m	@tt1991m	902.429	902.754	все
words@tt1991m	@tt1991m	902.754	903.079	ну
words@tt1991m	@tt1991m	903.079	903.404	на...
words@tt1991m	@tt1991m	903.404	903.729	в
words@tt1991m	@tt1991m	903.729	904.054	худи
words@tt1991m	@tt1991m	904.054	904.379	чиллят
words@tt1991m	@tt1991m	904.379	904.704	такие
words@tt1991m	@tt1991m	904.704	905.029	/
words@tt1991m	@tt1991m	905.029	905.357	/
words@tt1991m	@tt1991m	905.495	905.769	Ну
words@tt1991m	@tt1991m	905.769	906.043	давай
words@tt1991m	@tt1991m	906.043	906.317	лучше
words@tt1991m	@tt1991m	906.317	906.591	там
words@tt1991m	@tt1991m	906.591	906.865	/
words@tt1991m	@tt1991m	906.865	907.139	на
words@tt1991m	@tt1991m	907.139	907.413	другое
words@tt1991m	@tt1991m	907.413	907.687	скинемся
words@tt1991m	@tt1991m	907.687	907.961	что-то
words@tt1991m	@tt1991m	907.961	908.235	/
words@tt1991m	@tt1991m	908.235	908.517	/
words@tt1991m	@tt1991m	908.555	908.834	#нрзб#
words@tt1991m	@tt1991m	908.834	909.113	на
words@tt1991m	@tt1991m	909.113	909.392	такси
words@tt1991m	@tt1991m	909.392	909.671	знаешь
words@tt1991m	@tt1991m	909.671	909.95	/
words@tt1991m	@tt1991m	909.95	910.233	/
words@tt1991m	@tt1991m	911.4	912.489	#смех#
words@tt1991m	@tt1991m	913.419	913.655	Да
words@tt1991m	@tt1991m	913.655	913.891	/
words@tt1991m	@tt1991m	913.891	914.127	да
words@tt1991m	@tt1991m	914.127	914.363	да
words@tt1991m	@tt1991m	914.363	914.599	да
words@tt1991m	@tt1991m	914.599	914.835	/
words@tt1991m	@tt1991m	914.835	915.071	ну
words@tt1991m	@tt1991m	915.071	915.307	ты
words@tt1991m	@tt1991m	915.307	915.543	ж
words@tt1991m	@tt1991m	915.543	915.779	знаешь
words@tt1991m	@tt1991m	915.779	916.015	здесь
words@tt1991m	@tt1991m	916.015	916.251	всё
words@tt1991m	@tt1991m	916.251	916.487	легко
words@tt1991m	@tt1991m	916.487	916.723	достать
words@tt1991m	@tt1991m	916.723	916.959	/
words@tt1991m	@tt1991m	916.959	917.208	/
words@tt1991m	@tt1991m	919.919	920.137	Неа
words@tt1991m	@tt1991m	920.137	920.355	/
words@tt1991m	@tt1991m	920.355	920.575	/
words@tt1991m	@tt1991m	923.232	923.7	Да
words@tt1991m	@tt1991m	923.7	924.168	я
words@tt1991m	@tt1991m	924.168	924.636	/
words@tt1991m	@tt1991m	924.636	925.104	за
words@tt1991m	@tt1991m	925.104	925.572	healthy
words@tt1991m	@tt1991m	925.572	926.04	lifestyle
words@tt1991m	@tt1991m	926.04	926.508	/
words@tt1991m	@tt1991m	926.508	926.976	/
words@tt1991m	@tt1991m	928.159	928.55	Никогда
words@tt1991m	@tt1991m	928.55	928.941	не
words@tt1991m	@tt1991m	928.941	929.332	пробовал
words@tt1991m	@tt1991m	929.332	929.723	/
words@tt1991m	@tt1991m	929.723	930.114	я
words@tt1991m	@tt1991m	930.114	930.505	это
words@tt1991m	@tt1991m	930.505	930.896	/
words@tt1991m	@tt1991m	930.896	931.293	/
words@tt1991m	@tt1991m	932.54	932.91	#нрзб#
words@tt1991m	@tt1991m	932.91	933.28	всё
words@tt1991m	@tt1991m	933.28	933.65	/
words@tt1991m	@tt1991m	933.65	934.022	/
words@tt1991m	@tt1991m	934.059	934.4	Ходите
words@tt1991m	@tt1991m	934.4	934.741	в
words@tt1991m	@tt1991m	934.741	935.082	школу
words@tt1991m	@tt1991m	935.082	935.423	/
words@tt1991m	@tt1991m	935.423	935.764	учитесь
words@tt1991m	@tt1991m	935.764	936.105	/
words@tt1991m	@tt1991m	936.105	936.446	будьте
words@tt1991m	@tt1991m	936.446	936.787	умнее
words@tt1991m	@tt1991m	936.787	937.128	/
words@tt1991m	@tt1991m	937.128	937.469	/
words@tt1991m	@tt1991m	937.469	937.81	секс
words@tt1991m	@tt1991m	937.81	938.151	только
words@tt1991m	@tt1991m	938.151	938.492	после
words@tt1991m	@tt1991m	938.492	938.833	когда
words@tt1991m	@tt1991m	938.833	939.174	/
words@tt1991m	@tt1991m	939.174	939.515	эээ
words@tt1991m	@tt1991m	939.515	939.856	ну
words@tt1991m	@tt1991m	939.856	940.197	поженились
words@tt1991m	@tt1991m	940.197	940.538	/
words@tt1991m	@tt1991m	940.538	940.892	/
words@tt1991m	@tt1991m	943.927	944.181	Ну
words@tt1991m	@tt1991m	944.181	944.435	да
words@tt1991m	@tt1991m	944.435	944.689	/
words@tt1991m	@tt1991m	944.689	944.943	virgin
words@tt1991m	@tt1991m	944.943	945.197	/
words@tt1991m	@tt1991m	945.197	945.451	то
words@tt1991m	@tt1991m	945.451	945.705	же
words@tt1991m	@tt1991m	945.705	945.959	самое
words@tt1991m	@tt1991m	945.959	946.213	/
words@tt1991m	@tt1991m	946.213	946.467	то
words@tt1991m	@tt1991m	946.467	946.721	же
words@tt1991m	@tt1991m	946.721	946.975	самое
words@tt1991m	@tt1991m	946.975	947.229	бро
words@tt1991m	@tt1991m	947.229	947.483	/
words@tt1991m	@tt1991m	947.483	947.749	/
words@tt1991m	@tt1991m	951.33	951.617	Я
words@tt1991m	@tt1991m	951.617	951.904	вылетел
words@tt1991m	@tt1991m	951.904	952.191	в
words@tt1991m	@tt1991m	952.191	952.478	одиннадцатой
words@tt1991m	@tt1991m	952.478	952.765	шк...
words@tt1991m	@tt1991m	952.765	953.052	в
words@tt1991m	@tt1991m	953.052	953.339	одиннадцатом
words@tt1991m	@tt1991m	953.339	953.626	классе
words@tt1991m	@tt1991m	953.626	953.913	/
words@tt1991m	@tt1991m	953.913	954.2	/
words@tt1991m	@tt1991m	955.495	955.746	Эээ
words@tt1991m	@tt1991m	955.746	955.997	/
words@tt1991m	@tt1991m	955.997	956.248	просто
words@tt1991m	@tt1991m	956.248	956.499	вылетел
words@tt1991m	@tt1991m	956.499	956.75	из
words@tt1991m	@tt1991m	956.75	957.001	школы
words@tt1991m	@tt1991m	957.001	957.252	/
words@tt1991m	@tt1991m	957.252	957.51	/
words@tt1991m	@tt1991m	959.02	959.19	Да
words@tt1991m	@tt1991m	959.19	959.36	/
words@tt1991m	@tt1991m	959.36	959.53	/
words@tt1991m	@tt1991m	961.52	961.761	Потому
words@tt1991m	@tt1991m	961.761	962.002	что
words@tt1991m	@tt1991m	962.002	962.243	я
words@tt1991m	@tt1991m	962.243	962.484	понял
words@tt1991m	@tt1991m	962.484	962.725	что
words@tt1991m	@tt1991m	962.725	962.966	/
words@tt1991m	@tt1991m	962.966	963.207	я
words@tt1991m	@tt1991m	963.207	963.448	всё
words@tt1991m	@tt1991m	963.448	963.689	сам
words@tt1991m	@tt1991m	963.689	963.93	сделаю
words@tt1991m	@tt1991m	963.93	964.171	/
words@tt1991m	@tt1991m	964.171	964.42	/
words@tt1991m	@tt1991m	967.27	967.736	Были
words@tt1991m	@tt1991m	967.736	968.202	/
words@tt1991m	@tt1991m	968.202	968.67	/
words@tt1991m	@tt1991m	968.71	968.935	Ну
words@tt1991m	@tt1991m	968.935	969.16	я
words@tt1991m	@tt1991m	969.16	969.385	ж
words@tt1991m	@tt1991m	969.385	969.61	из
words@tt1991m	@tt1991m	969.61	969.835	дома
words@tt1991m	@tt1991m	969.835	970.06	ушел
words@tt1991m	@tt1991m	970.06	970.285	тада
words@tt1991m	@tt1991m	970.285	970.51	и
words@tt1991m	@tt1991m	970.51	970.735	я
words@tt1991m	@tt1991m	970.735	970.96	жил
words@tt1991m	@tt1991m	970.96	971.185	у
words@tt1991m	@tt1991m	971.185	971.41	подруги
words@tt1991m	@tt1991m	971.41	971.635	типа
words@tt1991m	@tt1991m	971.635	971.86	/
words@tt1991m	@tt1991m	971.86	972.085	вот
words@tt1991m	@tt1991m	972.085	972.31	год
words@tt1991m	@tt1991m	972.31	972.535	тада
words@tt1991m	@tt1991m	972.535	972.76	/
words@tt1991m	@tt1991m	972.76	973.0	/
words@tt1991m	@tt1991m	973.045	973.267	А
words@tt1991m	@tt1991m	973.267	973.489	у
words@tt1991m	@tt1991m	973.489	973.711	подруги
words@tt1991m	@tt1991m	973.711	973.933	было
words@tt1991m	@tt1991m	973.933	974.155	типа
words@tt1991m	@tt1991m	974.155	974.377	двадцать
words@tt1991m	@tt1991m	974.377	974.599	пять
words@tt1991m	@tt1991m	974.599	974.821	лет
words@tt1991m	@tt1991m	974.821	975.043	/
words@tt1991m	@tt1991m	975.043	975.265	/
words@tt1991m	@tt1991m	976.765	977.019	Да
words@tt1991m	@tt1991m	977.019	977.273	/
words@tt1991m	@tt1991m	977.273	977.527	она
words@tt1991m	@tt1991m	977.527	977.781	вообще
words@tt1991m	@tt1991m	977.781	978.035	девчонка
words@tt1991m	@tt1991m	978.035	978.289	была
words@tt1991m	@tt1991m	978.289	978.543	на
words@tt1991m	@tt1991m	978.543	978.797	плэйбой
words@tt1991m	@tt1991m	978.797	979.051	ковере
words@tt1991m	@tt1991m	979.051	979.305	в
words@tt1991m	@tt1991m	979.305	979.559	это
words@tt1991m	@tt1991m	979.559	979.813	время
words@tt1991m	@tt1991m	979.813	980.067	#смех#
words@tt1991m	@tt1991m	980.067	980.321	тоже
words@tt1991m	@tt1991m	980.321	980.575	такая
words@tt1991m	@tt1991m	980.575	980.829	/
words@tt1991m	@tt1991m	980.829	981.095	/
words@tt1991m	@tt1991m	983.47	983.747	Она
words@tt1991m	@tt1991m	983.747	984.024	мне
words@tt1991m	@tt1991m	984.024	984.301	пришла
words@tt1991m	@tt1991m	984.301	984.578	на
words@tt1991m	@tt1991m	984.578	984.855	тренировку
words@tt1991m	@tt1991m	984.855	985.132	танцы
words@tt1991m	@tt1991m	985.132	985.409	/
words@tt1991m	@tt1991m	985.409	985.69	/
words@tt1991m	@tt1991m	987.745	987.997	Да
words@tt1991m	@tt1991m	987.997	988.249	/
words@tt1991m	@tt1991m	988.249	988.501	да
words@tt1991m	@tt1991m	988.501	988.753	/
words@tt1991m	@tt1991m	988.753	989.005	я
words@tt1991m	@tt1991m	989.005	989.257	давал
words@tt1991m	@tt1991m	989.257	989.509	уроки
words@tt1991m	@tt1991m	989.509	989.761	мне
words@tt1991m	@tt1991m	989.761	990.013	было
words@tt1991m	@tt1991m	990.013	990.265	шестнадцать
words@tt1991m	@tt1991m	990.265	990.517	/
words@tt1991m	@tt1991m	990.517	990.775	/
words@tt1991m	@tt1991m	995.405	995.508	Да
words@tt1991m	@tt1991m	995.508	995.611	/
words@tt1991m	@tt1991m	995.611	995.715	/
words@tt1991m	@tt1991m	997.205	998.6	#смех#
words@tt1991m	@tt1991m	1006.62	1006.867	Танцую
words@tt1991m	@tt1991m	1006.867	1007.114	пять
words@tt1991m	@tt1991m	1007.114	1007.361	часов
words@tt1991m	@tt1991m	1007.361	1007.608	получишь
words@tt1991m	@tt1991m	1007.608	1007.855	двадцать
words@tt1991m	@tt1991m	1007.855	1008.102	пять
words@tt1991m	@tt1991m	1008.102	1008.349	евро
words@tt1991m	@tt1991m	1008.349	1008.596	что-то
words@tt1991m	@tt1991m	1008.596	1008.843	такое
words@tt1991m	@tt1991m	1008.843	1009.09	/
words@tt1991m	@tt1991m	1009.09	1009.34	/
words@tt1991m	@tt1991m	1009.4	1009.649	Еще
words@tt1991m	@tt1991m	1009.649	1009.898	го-го
words@tt1991m	@tt1991m	1009.898	1010.147	дэнс
words@tt1991m	@tt1991m	1010.147	1010.396	есть
words@tt1991m	@tt1991m	1010.396	1010.645	/
words@tt1991m	@tt1991m	1010.645	1010.894	тебя
words@tt1991m	@tt1991m	1010.894	1011.143	берут
words@tt1991m	@tt1991m	1011.143	1011.392	типа
words@tt1991m	@tt1991m	1011.392	1011.641	на
words@tt1991m	@tt1991m	1011.641	1011.89	го-го
words@tt1991m	@tt1991m	1011.89	1012.139	дэнс
words@tt1991m	@tt1991m	1012.139	1012.388	я
words@tt1991m	@tt1991m	1012.388	1012.637	один
words@tt1991m	@tt1991m	1012.637	1012.886	раз
words@tt1991m	@tt1991m	1012.886	1013.135	был
words@tt1991m	@tt1991m	1013.135	1013.384	/
words@tt1991m	@tt1991m	1013.384	1013.64	/
words@tt1991m	@tt1991m	1013.78	1013.997	Ты
words@tt1991m	@tt1991m	1013.997	1014.214	типа
words@tt1991m	@tt1991m	1014.214	1014.431	/
words@tt1991m	@tt1991m	1014.431	1014.648	ну
words@tt1991m	@tt1991m	1014.648	1014.865	да
words@tt1991m	@tt1991m	1014.865	1015.082	/
words@tt1991m	@tt1991m	1015.082	1015.3	/
words@tt1991m	@tt1991m	1016.465	1016.745	Ну
words@tt1991m	@tt1991m	1016.745	1017.025	/
words@tt1991m	@tt1991m	1017.025	1017.305	я
words@tt1991m	@tt1991m	1017.305	1017.585	был
words@tt1991m	@tt1991m	1017.585	1017.865	один
words@tt1991m	@tt1991m	1017.865	1018.145	раз
words@tt1991m	@tt1991m	1018.145	1018.425	ну
words@tt1991m	@tt1991m	1018.425	1018.705	не
words@tt1991m	@tt1991m	1018.705	1018.985	в
words@tt1991m	@tt1991m	1018.985	1019.265	трусах
words@tt1991m	@tt1991m	1019.265	1019.545	ну
words@tt1991m	@tt1991m	1019.545	1019.825	в
words@tt1991m	@tt1991m	1019.825	1020.105	большинстве
words@tt1991m	@tt1991m	1020.105	1020.385	эти
words@tt1991m	@tt1991m	1020.385	1020.665	люди
words@tt1991m	@tt1991m	1020.665	1020.945	делают
words@tt1991m	@tt1991m	1020.945	1021.225	как
words@tt1991m	@tt1991m	1021.225	1021.505	в
words@tt1991m	@tt1991m	1021.505	1021.785	трусах
words@tt1991m	@tt1991m	1021.785	1022.065	да
words@tt1991m	@tt1991m	1022.065	1022.345	как
words@tt1991m	@tt1991m	1022.345	1022.625	Тупак
words@tt1991m	@tt1991m	1022.625	1022.905	знаете
words@tt1991m	@tt1991m	1022.905	1023.185	фотку
words@tt1991m	@tt1991m	1023.185	1023.465	Тупака
words@tt1991m	@tt1991m	1023.465	1023.745	знаете
words@tt1991m	@tt1991m	1023.745	1024.025	где
words@tt1991m	@tt1991m	1024.025	1024.305	он
words@tt1991m	@tt1991m	1024.305	1024.585	в
words@tt1991m	@tt1991m	1024.585	1024.865	трусиках
words@tt1991m	@tt1991m	1024.865	1025.145	/
words@tt1991m	@tt1991m	1025.145	1025.445	/
words@tt1991m	@tt1991m	1025.535	1025.751	Вот
words@tt1991m	@tt1991m	1025.751	1025.967	типа
words@tt1991m	@tt1991m	1025.967	1026.183	что-то
words@tt1991m	@tt1991m	1026.183	1026.399	такое
words@tt1991m	@tt1991m	1026.399	1026.615	/
words@tt1991m	@tt1991m	1026.615	1026.835	/
words@tt1991m	@tt1991m	1026.875	1027.149	Ну
words@tt1991m	@tt1991m	1027.149	1027.423	это
words@tt1991m	@tt1991m	1027.423	1027.697	как
words@tt1991m	@tt1991m	1027.697	1027.971	бы
words@tt1991m	@tt1991m	1027.971	1028.245	вид
words@tt1991m	@tt1991m	1028.245	1028.519	выживания
words@tt1991m	@tt1991m	1028.519	1028.793	/
words@tt1991m	@tt1991m	1028.793	1029.067	у
words@tt1991m	@tt1991m	1029.067	1029.341	танцоров
words@tt1991m	@tt1991m	1029.341	1029.615	/
words@tt1991m	@tt1991m	1029.615	1029.889	тебе
words@tt1991m	@tt1991m	1029.889	1030.163	другой
words@tt1991m	@tt1991m	1030.163	1030.437	возможности
words@tt1991m	@tt1991m	1030.437	1030.711	нет
words@tt1991m	@tt1991m	1030.711	1030.985	и
words@tt1991m	@tt1991m	1030.985	1031.259	ты
words@tt1991m	@tt1991m	1031.259	1031.533	такой
words@tt1991m	@tt1991m	1031.533	1031.807	бери
words@tt1991m	@tt1991m	1031.807	1032.081	это
words@tt1991m	@tt1991m	1032.081	1032.355	/
words@tt1991m	@tt1991m	1032.355	1032.629	хочешь
words@tt1991m	@tt1991m	1032.629	1032.903	такой
words@tt1991m	@tt1991m	1032.903	1033.177	да
words@tt1991m	@tt1991m	1033.177	1033.451	нет
words@tt1991m	@tt1991m	1033.451	1033.725	ну
words@tt1991m	@tt1991m	1033.725	1033.999	и
words@tt1991m	@tt1991m	1033.999	1034.273	не
words@tt1991m	@tt1991m	1034.273	1034.547	будешь
words@tt1991m	@tt1991m	1034.547	1034.821	кушать
words@tt1991m	@tt1991m	1034.821	1035.095	/
words@tt1991m	@tt1991m	1035.095	1035.37	/
words@nr1986m	@nr1986m	658.495	658.7	И
words@nr1986m	@nr1986m	658.7	658.905	пригласила
words@nr1986m	@nr1986m	658.905	659.11	приехать
words@nr1986m	@nr1986m	659.11	659.315	?
words@nr1986m	@nr1986m	659.315	659.52	/
words@nr1986m	@nr1986m	659.52	659.725	/
words@nr1986m	@nr1986m	664.27	664.477	Ваш
words@nr1986m	@nr1986m	664.477	664.684	первый
words@nr1986m	@nr1986m	664.684	664.891	приезд
words@nr1986m	@nr1986m	664.891	665.098	вы
words@nr1986m	@nr1986m	665.098	665.305	напились
words@nr1986m	@nr1986m	665.305	665.512	вот
words@nr1986m	@nr1986m	665.512	665.719	это
words@nr1986m	@nr1986m	665.719	665.926	то
words@nr1986m	@nr1986m	665.926	666.133	/
words@nr1986m	@nr1986m	666.133	666.34	о
words@nr1986m	@nr1986m	666.34	666.547	чем
words@nr1986m	@nr1986m	666.547	666.754	ты
words@nr1986m	@nr1986m	666.754	666.961	рассказывал
words@nr1986m	@nr1986m	666.961	667.168	/
words@nr1986m	@nr1986m	667.168	667.375	в
words@nr1986m	@nr1986m	667.375	667.582	зашкварных
words@nr1986m	@nr1986m	667.582	667.789	историях
words@nr1986m	@nr1986m	667.789	667.996	?
words@nr1986m	@nr1986m	667.996	668.203	/
words@nr1986m	@nr1986m	668.203	668.42	/
words@nr1986m	@nr1986m	735.56	735.83	Я
words@nr1986m	@nr1986m	735.83	736.1	прям
words@nr1986m	@nr1986m	736.1	736.37	представляю
words@nr1986m	@nr1986m	736.37	736.64	как
words@nr1986m	@nr1986m	736.64	736.91	в
words@nr1986m	@nr1986m	736.91	737.18	этих
words@nr1986m	@nr1986m	737.18	737.45	домах
words@nr1986m	@nr1986m	737.45	737.72	/
words@nr1986m	@nr1986m	737.72	737.99	вот
words@nr1986m	@nr1986m	737.99	738.26	г...
words@nr1986m	@nr1986m	738.26	738.53	с
words@nr1986m	@nr1986m	738.53	738.8	где
words@nr1986m	@nr1986m	738.8	739.07	Пикачу
words@nr1986m	@nr1986m	739.07	739.34	нарисован
words@nr1986m	@nr1986m	739.34	739.61	на
words@nr1986m	@nr1986m	739.61	739.88	стенах
words@nr1986m	@nr1986m	739.88	740.15	/
words@nr1986m	@nr1986m	740.15	740.42	сидят
words@nr1986m	@nr1986m	740.42	740.69	люди
words@nr1986m	@nr1986m	740.69	740.96	и
words@nr1986m	@nr1986m	740.96	741.23	жалятся
words@nr1986m	@nr1986m	741.23	741.5	себе
words@nr1986m	@nr1986m	741.5	741.77	в
words@nr1986m	@nr1986m	741.77	742.04	/
words@nr1986m	@nr1986m	742.04	742.31	веняки
words@nr1986m	@nr1986m	742.31	742.58	/
words@nr1986m	@nr1986m	742.58	742.85	/
words@nr1986m	@nr1986m	757.85	758.022	Тут
words@nr1986m	@nr1986m	758.022	758.194	есть
words@nr1986m	@nr1986m	758.194	758.366	/
words@nr1986m	@nr1986m	758.366	758.538	твое
words@nr1986m	@nr1986m	758.538	758.71	граффити
words@nr1986m	@nr1986m	758.71	758.882	?
words@nr1986m	@nr1986m	758.882	759.054	/
words@nr1986m	@nr1986m	759.054	759.23	/
words@nr1986m	@nr1986m	767.03	767.202	Ты
words@nr1986m	@nr1986m	767.202	767.374	просто
words@nr1986m	@nr1986m	767.374	767.546	тэгал
words@nr1986m	@nr1986m	767.546	767.718	Кэш
words@nr1986m	@nr1986m	767.718	767.89	?
words@nr1986m	@nr1986m	767.89	768.062	/
words@nr1986m	@nr1986m	768.062	768.24	/
words@nr1986m	@nr1986m	771.31	771.447	Как
words@nr1986m	@nr1986m	771.447	771.584	ты
words@nr1986m	@nr1986m	771.584	771.721	себя
words@nr1986m	@nr1986m	771.721	771.858	называл
words@nr1986m	@nr1986m	771.858	771.995	?
words@nr1986m	@nr1986m	771.995	772.132	/
words@nr1986m	@nr1986m	772.132	772.27	/
words@nr1986m	@nr1986m	780.765	780.973	Да
words@nr1986m	@nr1986m	780.973	781.181	/
words@nr1986m	@nr1986m	781.181	781.389	да-да
words@nr1986m	@nr1986m	781.389	781.597	/
words@nr1986m	@nr1986m	781.597	781.805	/
words@nr1986m	@nr1986m	806.576	806.85	Мне
words@nr1986m	@nr1986m	806.85	807.124	кажется
words@nr1986m	@nr1986m	807.124	807.398	/
words@nr1986m	@nr1986m	807.398	807.672	знаешь
words@nr1986m	@nr1986m	807.672	807.946	/
words@nr1986m	@nr1986m	807.946	808.22	было
words@nr1986m	@nr1986m	808.22	808.494	бы
words@nr1986m	@nr1986m	808.494	808.768	/
words@nr1986m	@nr1986m	808.768	809.042	короче
words@nr1986m	@nr1986m	809.042	809.316	/
words@nr1986m	@nr1986m	809.316	809.59	офигенно...
words@nr1986m	@nr1986m	809.59	809.864	офигенный
words@nr1986m	@nr1986m	809.864	810.138	коллаб
words@nr1986m	@nr1986m	810.138	810.412	/
words@nr1986m	@nr1986m	810.412	810.686	ты
words@nr1986m	@nr1986m	810.686	810.96	/
words@nr1986m	@nr1986m	810.96	811.234	Киркоров
words@nr1986m	@nr1986m	811.234	811.508	и
words@nr1986m	@nr1986m	811.508	811.782	Чарли
words@nr1986m	@nr1986m	811.782	812.056	ЭксСиИкс
words@nr1986m	@nr1986m	812.056	812.33	/
words@nr1986m	@nr1986m	812.33	812.622	/
words@nr1986m	@nr1986m	894.077	894.272	Серьезно
words@nr1986m	@nr1986m	894.272	894.467	?
words@nr1986m	@nr1986m	894.467	894.662	!
words@nr1986m	@nr1986m	894.662	894.857	/
words@nr1986m	@nr1986m	894.857	895.055	/
words@nr1986m	@nr1986m	911.4	912.489	#смех#
words@nr1986m	@nr1986m	926.977	927.137	Даже
words@nr1986m	@nr1986m	927.137	927.297	травку
words@nr1986m	@nr1986m	927.297	927.457	не
words@nr1986m	@nr1986m	927.457	927.617	курил
words@nr1986m	@nr1986m	927.617	927.777	?
words@nr1986m	@nr1986m	927.777	927.937	/
words@nr1986m	@nr1986m	927.937	928.099	/
words@nr1986m	@nr1986m	947.97	948.279	Ну
words@nr1986m	@nr1986m	948.279	948.588	да
words@nr1986m	@nr1986m	948.588	948.897	/
words@nr1986m	@nr1986m	948.897	949.206	погнали
words@nr1986m	@nr1986m	949.206	949.515	/
words@nr1986m	@nr1986m	949.515	949.825	/
words@nr1986m	@nr1986m	964.49	964.659	А
words@nr1986m	@nr1986m	964.659	964.828	родители
words@nr1986m	@nr1986m	964.828	964.997	/
words@nr1986m	@nr1986m	964.997	965.166	не
words@nr1986m	@nr1986m	965.166	965.335	были
words@nr1986m	@nr1986m	965.335	965.504	злыми
words@nr1986m	@nr1986m	965.504	965.673	на
words@nr1986m	@nr1986m	965.673	965.842	тебя
words@nr1986m	@nr1986m	965.842	966.011	за
words@nr1986m	@nr1986m	966.011	966.18	это
words@nr1986m	@nr1986m	966.18	966.349	?
words@nr1986m	@nr1986m	966.349	966.518	/
words@nr1986m	@nr1986m	966.518	966.69	/
words@nr1986m	@nr1986m	998.615	998.88	Респект
words@nr1986m	@nr1986m	998.88	999.145	улиц
words@nr1986m	@nr1986m	999.145	999.41	ты
words@nr1986m	@nr1986m	999.41	999.675	получил
words@nr1986m	@nr1986m	999.675	999.94	/
words@nr1986m	@nr1986m	999.94	1000.205	/
words@nr1986m	@nr1986m	1000.21	1000.547	А
words@nr1986m	@nr1986m	1000.547	1000.884	скажи
words@nr1986m	@nr1986m	1000.884	1001.221	/
words@nr1986m	@nr1986m	1001.221	1001.558	ты
words@nr1986m	@nr1986m	1001.558	1001.895	рассказывал
words@nr1986m	@nr1986m	1001.895	1002.232	в
words@nr1986m	@nr1986m	1002.232	1002.569	интервью
words@nr1986m	@nr1986m	1002.569	1002.906	что
words@nr1986m	@nr1986m	1002.906	1003.243	ты
words@nr1986m	@nr1986m	1003.243	1003.58	работал
words@nr1986m	@nr1986m	1003.58	1003.917	на
words@nr1986m	@nr1986m	1003.917	1004.254	подтанцовке
words@nr1986m	@nr1986m	1004.254	1004.591	у
words@nr1986m	@nr1986m	1004.591	1004.928	каких-то
words@nr1986m	@nr1986m	1004.928	1005.265	местных
words@nr1986m	@nr1986m	1005.265	1005.602	шансон-исполнителей
words@nr1986m	@nr1986m	1005.602	1005.939	?
words@nr1986m	@nr1986m	1005.939	1006.276	/
words@nr1986m	@nr1986m	1006.276	1006.62	/
words@vt1986m	@vt1986m	653.93	654.13	Как
words@vt1986m	@vt1986m	654.13	654.33	случилось
words@vt1986m	@vt1986m	654.33	654.53	ваше
words@vt1986m	@vt1986m	654.53	654.73	знакомство
words@vt1986m	@vt1986m	654.73	654.93	с
words@vt1986m	@vt1986m	654.93	655.13	Ильичом
words@vt1986m	@vt1986m	655.13	655.33	?
words@vt1986m	@vt1986m	655.33	655.53	/
words@vt1986m	@vt1986m	655.53	655.73	/
words@vt1986m	@vt1986m	669.095	669.278	А
words@vt1986m	@vt1986m	669.278	669.461	ты
words@vt1986m	@vt1986m	669.461	669.644	реально
words@vt1986m	@vt1986m	669.644	669.827	не
words@vt1986m	@vt1986m	669.827	670.01	понял...
words@vt1986m	@vt1986m	670.01	670.193	не
words@vt1986m	@vt1986m	670.193	670.376	помнил
words@vt1986m	@vt1986m	670.376	670.559	как
words@vt1986m	@vt1986m	670.559	670.742	ты
words@vt1986m	@vt1986m	670.742	670.925	добрался
words@vt1986m	@vt1986m	670.925	671.108	до
words@vt1986m	@vt1986m	671.108	671.291	дома
words@vt1986m	@vt1986m	671.291	671.474	?
words@vt1986m	@vt1986m	671.474	671.657	/
words@vt1986m	@vt1986m	671.657	671.845	/
words@vt1986m	@vt1986m	682.195	682.431	Ну
words@vt1986m	@vt1986m	682.431	682.667	получается
words@vt1986m	@vt1986m	682.667	682.903	наверное
words@vt1986m	@vt1986m	682.903	683.139	пили
words@vt1986m	@vt1986m	683.139	683.375	всю
words@vt1986m	@vt1986m	683.375	683.611	ночь
words@vt1986m	@vt1986m	683.611	683.847	/
words@vt1986m	@vt1986m	683.847	684.083	за
words@vt1986m	@vt1986m	684.083	684.319	знакомство
words@vt1986m	@vt1986m	684.319	684.555	/
words@vt1986m	@vt1986m	684.555	684.8	/
words@vt1986m	@vt1986m	706.93	707.04	Скока
words@vt1986m	@vt1986m	707.04	707.15	?
words@vt1986m	@vt1986m	707.15	707.26	/
words@vt1986m	@vt1986m	707.26	707.37	/
words@vt1986m	@vt1986m	711.48	711.696	Реально
words@vt1986m	@vt1986m	711.696	711.912	очень
words@vt1986m	@vt1986m	711.912	712.128	жутко
words@vt1986m	@vt1986m	712.128	712.344	выглядит
words@vt1986m	@vt1986m	712.344	712.56	/
words@vt1986m	@vt1986m	712.56	712.776	похоже
words@vt1986m	@vt1986m	712.776	712.992	/
words@vt1986m	@vt1986m	712.992	713.208	на
words@vt1986m	@vt1986m	713.208	713.424	Silent
words@vt1986m	@vt1986m	713.424	713.64	Hill
words@vt1986m	@vt1986m	713.64	713.856	какой-то
words@vt1986m	@vt1986m	713.856	714.072	/
words@vt1986m	@vt1986m	714.072	714.3	/
words@vt1986m	@vt1986m	729.47	729.74	Тут
words@vt1986m	@vt1986m	729.74	730.01	/
words@vt1986m	@vt1986m	730.01	730.28	прям
words@vt1986m	@vt1986m	730.28	730.55	/
words@vt1986m	@vt1986m	730.55	730.82	продавали
words@vt1986m	@vt1986m	730.82	731.09	героин
words@vt1986m	@vt1986m	731.09	731.36	/
words@vt1986m	@vt1986m	731.36	731.63	сидели
words@vt1986m	@vt1986m	731.63	731.9	барыги
words@vt1986m	@vt1986m	731.9	732.17	/
words@vt1986m	@vt1986m	732.17	732.44	и
words@vt1986m	@vt1986m	732.44	732.71	приезжали
words@vt1986m	@vt1986m	732.71	732.98	толпы
words@vt1986m	@vt1986m	732.98	733.25	местных
words@vt1986m	@vt1986m	733.25	733.52	наркоманов
words@vt1986m	@vt1986m	733.52	733.79	?
words@vt1986m	@vt1986m	733.79	734.06	/
words@vt1986m	@vt1986m	734.06	734.33	/
words@vt1986m	@vt1986m	745.04	745.181	Ты
words@vt1986m	@vt1986m	745.181	745.322	жил
words@vt1986m	@vt1986m	745.322	745.463	/
words@vt1986m	@vt1986m	745.463	745.604	в
words@vt1986m	@vt1986m	745.604	745.745	одном
words@vt1986m	@vt1986m	745.745	745.886	из
words@vt1986m	@vt1986m	745.886	746.027	этих
words@vt1986m	@vt1986m	746.027	746.168	домов
words@vt1986m	@vt1986m	746.168	746.309	?
words@vt1986m	@vt1986m	746.309	746.45	/
words@vt1986m	@vt1986m	746.45	746.6	/
words@vt1986m	@vt1986m	782.865	783.212	В
words@vt1986m	@vt1986m	783.212	783.559	перерывах
words@vt1986m	@vt1986m	783.559	783.906	между
words@vt1986m	@vt1986m	783.906	784.253	играми
words@vt1986m	@vt1986m	784.253	784.6	смотрел
words@vt1986m	@vt1986m	784.6	784.947	/
words@vt1986m	@vt1986m	784.947	785.294	а
words@vt1986m	@vt1986m	785.294	785.641	/
words@vt1986m	@vt1986m	785.641	785.988	клипы
words@vt1986m	@vt1986m	785.988	786.335	Киркорова
words@vt1986m	@vt1986m	786.335	786.682	/
words@vt1986m	@vt1986m	786.682	787.029	выступления
words@vt1986m	@vt1986m	787.029	787.376	там
words@vt1986m	@vt1986m	787.376	787.723	/
words@vt1986m	@vt1986m	787.723	788.07	Куклачева
words@vt1986m	@vt1986m	788.07	788.417	/
words@vt1986m	@vt1986m	788.417	788.78	/
words@vt1986m	@vt1986m	792.227	792.507	С
words@vt1986m	@vt1986m	792.507	792.787	ружьем
words@vt1986m	@vt1986m	792.787	793.067	такой
words@vt1986m	@vt1986m	793.067	793.347	/
words@vt1986m	@vt1986m	793.347	793.627	#нрзб#
words@vt1986m	@vt1986m	793.627	793.907	/
words@vt1986m	@vt1986m	793.907	794.187	#смех#
words@vt1986m	@vt1986m	794.187	794.467	/
words@vt1986m	@vt1986m	794.467	794.747	/
words@vt1986m	@vt1986m	801.437	801.595	Ты
words@vt1986m	@vt1986m	801.595	801.753	бы
words@vt1986m	@vt1986m	801.753	801.911	заколлабился
words@vt1986m	@vt1986m	801.911	802.069	?
words@vt1986m	@vt1986m	802.069	802.227	/
words@vt1986m	@vt1986m	802.227	802.387	/
words@vt1986m	@vt1986m	816.812	817.062	Расскажи
words@vt1986m	@vt1986m	817.062	817.312	о
words@vt1986m	@vt1986m	817.312	817.562	своей
words@vt1986m	@vt1986m	817.562	817.812	семье
words@vt1986m	@vt1986m	817.812	818.062	/
words@vt1986m	@vt1986m	818.062	818.312	чем
words@vt1986m	@vt1986m	818.312	818.562	занимались
words@vt1986m	@vt1986m	818.562	818.812	твои
words@vt1986m	@vt1986m	818.812	819.062	родители
words@vt1986m	@vt1986m	819.062	819.312	?
words@vt1986m	@vt1986m	819.312	819.562	/
words@vt1986m	@vt1986m	819.562	819.823	/
words@vt1986m	@vt1986m	826.783	826.999	Легко
words@vt1986m	@vt1986m	826.999	827.215	ли
words@vt1986m	@vt1986m	827.215	827.431	они
words@vt1986m	@vt1986m	827.431	827.647	приняли
words@vt1986m	@vt1986m	827.647	827.863	твой
words@vt1986m	@vt1986m	827.863	828.079	выбор
words@vt1986m	@vt1986m	828.079	828.295	?
words@vt1986m	@vt1986m	828.295	828.511	/
words@vt1986m	@vt1986m	828.511	828.727	/
words@vt1986m	@vt1986m	829.674	829.978	Мне
words@vt1986m	@vt1986m	829.978	830.282	интересно
words@vt1986m	@vt1986m	830.282	830.586	просто
words@vt1986m	@vt1986m	830.586	830.89	/
words@vt1986m	@vt1986m	830.89	831.194	например
words@vt1986m	@vt1986m	831.194	831.498	твоя
words@vt1986m	@vt1986m	831.498	831.802	мама
words@vt1986m	@vt1986m	831.802	832.106	смотрит
words@vt1986m	@vt1986m	832.106	832.41	клип
words@vt1986m	@vt1986m	832.41	832.714	где
words@vt1986m	@vt1986m	832.714	833.018	из
words@vt1986m	@vt1986m	833.018	833.322	вагины
words@vt1986m	@vt1986m	833.322	833.626	твое
words@vt1986m	@vt1986m	833.626	833.93	лицо
words@vt1986m	@vt1986m	833.93	834.234	/
words@vt1986m	@vt1986m	834.234	834.538	и
words@vt1986m	@vt1986m	834.538	834.842	она
words@vt1986m	@vt1986m	834.842	835.146	не
words@vt1986m	@vt1986m	835.146	835.45	говорила
words@vt1986m	@vt1986m	835.45	835.754	тебе
words@vt1986m	@vt1986m	835.754	836.058	/
words@vt1986m	@vt1986m	836.058	836.362	Томми
words@vt1986m	@vt1986m	836.362	836.666	ну
words@vt1986m	@vt1986m	836.666	836.97	/
words@vt1986m	@vt1986m	836.97	837.274	ну
words@vt1986m	@vt1986m	837.274	837.578	/
words@vt1986m	@vt1986m	837.578	837.9	/
words@vt1986m	@vt1986m	853.621	853.827	У
words@vt1986m	@vt1986m	853.827	854.033	тебя
words@vt1986m	@vt1986m	854.033	854.239	были
words@vt1986m	@vt1986m	854.239	854.445	в
words@vt1986m	@vt1986m	854.445	854.651	детстве
words@vt1986m	@vt1986m	854.651	854.857	случаи
words@vt1986m	@vt1986m	854.857	855.063	когда
words@vt1986m	@vt1986m	855.063	855.269	прям
words@vt1986m	@vt1986m	855.269	855.475	до
words@vt1986m	@vt1986m	855.475	855.681	тебя
words@vt1986m	@vt1986m	855.681	855.887	/
words@vt1986m	@vt1986m	855.887	856.093	торчки
words@vt1986m	@vt1986m	856.093	856.299	/
words@vt1986m	@vt1986m	856.299	856.505	докапывались
words@vt1986m	@vt1986m	856.505	856.711	?
words@vt1986m	@vt1986m	856.711	856.917	/
words@vt1986m	@vt1986m	856.917	857.133	/
words@vt1986m	@vt1986m	883.576	883.858	Как
words@vt1986m	@vt1986m	883.858	884.14	у
words@vt1986m	@vt1986m	884.14	884.422	нас
words@vt1986m	@vt1986m	884.422	884.704	говорили
words@vt1986m	@vt1986m	884.704	884.986	на
words@vt1986m	@vt1986m	884.986	885.268	районе
words@vt1986m	@vt1986m	885.268	885.55	/
words@vt1986m	@vt1986m	885.55	885.832	ааа
words@vt1986m	@vt1986m	885.832	886.114	/
words@vt1986m	@vt1986m	886.114	886.396	если
words@vt1986m	@vt1986m	886.396	886.678	найду
words@vt1986m	@vt1986m	886.678	886.96	ебало
words@vt1986m	@vt1986m	886.96	887.242	бью
words@vt1986m	@vt1986m	887.242	887.524	#смех#
words@vt1986m	@vt1986m	887.524	887.806	/
words@vt1986m	@vt1986m	887.806	888.099	/
words@vt1986m	@vt1986m	910.427	910.763	На
words@vt1986m	@vt1986m	910.763	911.099	другое
words@vt1986m	@vt1986m	911.099	911.435	например
words@vt1986m	@vt1986m	911.435	911.771	#смех#
words@vt1986m	@vt1986m	911.771	912.107	/
words@vt1986m	@vt1986m	912.107	912.444	/
words@vt1986m	@vt1986m	912.72	912.881	На
words@vt1986m	@vt1986m	912.881	913.042	героин
words@vt1986m	@vt1986m	913.042	913.203	/
words@vt1986m	@vt1986m	913.203	913.364	/
words@vt1986m	@vt1986m	917.233	917.485	Тебя
words@vt1986m	@vt1986m	917.485	917.737	вот
words@vt1986m	@vt1986m	917.737	917.989	тема
words@vt1986m	@vt1986m	917.989	918.241	наркотиков
words@vt1986m	@vt1986m	918.241	918.493	никогда
words@vt1986m	@vt1986m	918.493	918.745	не
words@vt1986m	@vt1986m	918.745	918.997	касалась
words@vt1986m	@vt1986m	918.997	919.249	?
words@vt1986m	@vt1986m	919.249	919.501	/
words@vt1986m	@vt1986m	919.501	919.756	/
words@vt1986m	@vt1986m	921.321	921.516	То
words@vt1986m	@vt1986m	921.516	921.711	есть
words@vt1986m	@vt1986m	921.711	921.906	как-то
words@vt1986m	@vt1986m	921.906	922.101	/
words@vt1986m	@vt1986m	922.101	922.296	удержался
words@vt1986m	@vt1986m	922.296	922.491	?
words@vt1986m	@vt1986m	922.491	922.686	/
words@vt1986m	@vt1986m	922.686	922.888	/
words@vt1986m	@vt1986m	940.894	941.139	Ну
words@vt1986m	@vt1986m	941.139	941.384	я
words@vt1986m	@vt1986m	941.384	941.629	как
words@vt1986m	@vt1986m	941.629	941.874	неженатый
words@vt1986m	@vt1986m	941.874	942.119	человек
words@vt1986m	@vt1986m	942.119	942.364	вот
words@vt1986m	@vt1986m	942.364	942.609	без
words@vt1986m	@vt1986m	942.609	942.854	секса
words@vt1986m	@vt1986m	942.854	943.099	живу
words@vt1986m	@vt1986m	943.099	943.344	/
words@vt1986m	@vt1986m	943.344	943.594	/
words@vt1986m	@vt1986m	947.97	948.235	Ну
words@vt1986m	@vt1986m	948.235	948.5	дай
words@vt1986m	@vt1986m	948.5	948.765	/
words@vt1986m	@vt1986m	948.765	949.03	кулачок
words@vt1986m	@vt1986m	949.03	949.295	тогда
words@vt1986m	@vt1986m	949.295	949.56	/
words@vt1986m	@vt1986m	949.56	949.825	/
words@vt1986m	@vt1986m	954.29	954.427	Почему
words@vt1986m	@vt1986m	954.427	954.564	?
words@vt1986m	@vt1986m	954.564	954.701	/
words@vt1986m	@vt1986m	954.701	954.84	/
words@vt1986m	@vt1986m	957.54	957.742	Положил
words@vt1986m	@vt1986m	957.742	957.944	болт
words@vt1986m	@vt1986m	957.944	958.146	на
words@vt1986m	@vt1986m	958.146	958.348	учебу
words@vt1986m	@vt1986m	958.348	958.55	?
words@vt1986m	@vt1986m	958.55	958.752	/
words@vt1986m	@vt1986m	958.752	958.96	/
words@vt1986m	@vt1986m	959.845	960.062	Почему
words@vt1986m	@vt1986m	960.062	960.279	?
words@vt1986m	@vt1986m	960.279	960.496	/
words@vt1986m	@vt1986m	960.496	960.715	/
words@vt1986m	@vt1986m	967.27	968.67	#смех#
words@vt1986m	@vt1986m	975.415	975.577	А
words@vt1986m	@vt1986m	975.577	975.739	это
words@vt1986m	@vt1986m	975.739	975.901	была
words@vt1986m	@vt1986m	975.901	976.063	старшая
words@vt1986m	@vt1986m	976.063	976.225	подруга
words@vt1986m	@vt1986m	976.225	976.387	?
words@vt1986m	@vt1986m	976.387	976.549	/
words@vt1986m	@vt1986m	976.549	976.715	/
words@vt1986m	@vt1986m	981.17	981.414	Как
words@vt1986m	@vt1986m	981.414	981.658	ты
words@vt1986m	@vt1986m	981.658	981.902	ее
words@vt1986m	@vt1986m	981.902	982.146	смог
words@vt1986m	@vt1986m	982.146	982.39	/
words@vt1986m	@vt1986m	982.39	982.634	захомутать
words@vt1986m	@vt1986m	982.634	982.878	?
words@vt1986m	@vt1986m	982.878	983.122	/
words@vt1986m	@vt1986m	983.122	983.37	/
words@vt1986m	@vt1986m	985.85	986.051	А
words@vt1986m	@vt1986m	986.051	986.252	/
words@vt1986m	@vt1986m	986.252	986.453	ты
words@vt1986m	@vt1986m	986.453	986.654	уже
words@vt1986m	@vt1986m	986.654	986.855	тогда
words@vt1986m	@vt1986m	986.855	987.056	преподавал
words@vt1986m	@vt1986m	987.056	987.257	?
words@vt1986m	@vt1986m	987.257	987.458	/
words@vt1986m	@vt1986m	987.458	987.66	/
words@vt1986m	@vt1986m	990.79	991.094	Подожди
words@vt1986m	@vt1986m	991.094	991.398	тебе
words@vt1986m	@vt1986m	991.398	991.702	то
words@vt1986m	@vt1986m	991.702	992.006	есть
words@vt1986m	@vt1986m	992.006	992.31	тебе
words@vt1986m	@vt1986m	992.31	992.614	шестнадцать
words@vt1986m	@vt1986m	992.614	992.918	и
words@vt1986m	@vt1986m	992.918	993.222	ты
words@vt1986m	@vt1986m	993.222	993.526	замутил
words@vt1986m	@vt1986m	993.526	993.83	с
words@vt1986m	@vt1986m	993.83	994.134	двадцатипятилетней
words@vt1986m	@vt1986m	994.134	994.438	чикой
words@vt1986m	@vt1986m	994.438	994.742	?
words@vt1986m	@vt1986m	994.742	995.046	/
words@vt1986m	@vt1986m	995.046	995.36	/
words@vt1986m	@vt1986m	995.935	996.155	Красавчик
words@vt1986m	@vt1986m	996.155	996.375	/
words@vt1986m	@vt1986m	996.375	996.595	/
words@vt1986m	@vt1986m	1015.31	1015.462	Ты
words@vt1986m	@vt1986m	1015.462	1015.614	в
words@vt1986m	@vt1986m	1015.614	1015.766	трусах
words@vt1986m	@vt1986m	1015.766	1015.918	танцуешь
words@vt1986m	@vt1986m	1015.918	1016.07	?
words@vt1986m	@vt1986m	1016.07	1016.222	/
words@vt1986m	@vt1986m	1016.222	1016.38	/
intonation@tt1991m	@tt1991m	656.24	658.47	нарратив
intonation@tt1991m	@tt1991m	659.725	664.255	нарратив
intonation@tt1991m	@tt1991m	666.405	666.92	нарратив
intonation@tt1991m	@tt1991m	667.445	667.77	нарратив
intonation@tt1991m	@tt1991m	668.525	669.025	нарратив
intonation@tt1991m	@tt1991m	671.865	675.598	нарратив
intonation@tt1991m	@tt1991m	675.6	681.51	нарратив
intonation@tt1991m	@tt1991m	684.512	685.792	нарратив
intonation@tt1991m	@tt1991m	685.932	690.852	нарратив
intonation@tt1991m	@tt1991m	691.822	695.542	нарратив
intonation@tt1991m	@tt1991m	697.602	701.692	нарратив
intonation@tt1991m	@tt1991m	702.3	706.9	вопрос да-нет
intonation@tt1991m	@tt1991m	707.49	709.64	нарратив
intonation@tt1991m	@tt1991m	710.06	711.48	нарратив
intonation@tt1991m	@tt1991m	720.93	727.13	нарратив
intonation@tt1991m	@tt1991m	728.23	729.41	неясно
intonation@tt1991m	@tt1991m	734.6	735.34	нарратив
intonation@tt1991m	@tt1991m	743.605	745.115	восклицание
intonation@tt1991m	@tt1991m	746.62	752.0	нарратив
intonation@tt1991m	@tt1991m	752.35	757.83	нарратив
intonation@tt1991m	@tt1991m	759.4	764.5	нарратив
intonation@tt1991m	@tt1991m	765.15	767.16	неясно
intonation@tt1991m	@tt1991m	768.385	771.115	нарратив
intonation@tt1991m	@tt1991m	772.41	775.58	нарратив
intonation@tt1991m	@tt1991m	775.695	777.435	нарратив
intonation@tt1991m	@tt1991m	778.165	782.825	нарратив
intonation@tt1991m	@tt1991m	787.792	790.637	нарратив
intonation@tt1991m	@tt1991m	790.637	792.217	нарратив
intonation@tt1991m	@tt1991m	794.777	796.337	нарратив
intonation@tt1991m	@tt1991m	796.337	801.44	нарратив
intonation@tt1991m	@tt1991m	802.358	804.058	нарратив
intonation@tt1991m	@tt1991m	804.563	806.589	неясно
intonation@tt1991m	@tt1991m	808.354	810.065	обрыв
intonation@tt1991m	@tt1991m	812.708	813.93	нарратив
intonation@tt1991m	@tt1991m	814.274	815.241	нарратив
intonation@tt1991m	@tt1991m	820.466	826.666	нарратив
intonation@tt1991m	@tt1991m	829.049	829.638	нарратив
intonation@tt1991m	@tt1991m	833.964	834.498	нарратив
intonation@tt1991m	@tt1991m	838.0	841.978	нарратив
intonation@tt1991m	@tt1991m	842.071	844.522	нарратив
intonation@tt1991m	@tt1991m	844.537	848.722	нарратив
intonation@tt1991m	@tt1991m	848.737	852.16	восклицание
intonation@tt1991m	@tt1991m	857.127	859.038	нарратив
intonation@tt1991m	@tt1991m	859.121	863.922	нарратив
intonation@tt1991m	@tt1991m	863.963	870.2	нарратив
intonation@tt1991m	@tt1991m	870.206	874.284	нарратив
intonation@tt1991m	@tt1991m	874.296	883.566	контраст
intonation@tt1991m	@tt1991m	888.807	890.422	восклицание
intonation@tt1991m	@tt1991m	890.452	895.732	нарратив
intonation@tt1991m	@tt1991m	895.732	901.577	нарратив
intonation@tt1991m	@tt1991m	901.779	905.357	неясно
intonation@tt1991m	@tt1991m	905.495	908.517	нарратив
intonation@tt1991m	@tt1991m	908.555	910.233	нарратив
intonation@tt1991m	@tt1991m	911.4	912.489	неясно
intonation@tt1991m	@tt1991m	913.419	917.208	нарратив
intonation@tt1991m	@tt1991m	919.919	920.575	нарратив
intonation@tt1991m	@tt1991m	923.232	926.976	нарратив
intonation@tt1991m	@tt1991m	928.159	931.293	обрыв
intonation@tt1991m	@tt1991m	932.54	934.022	неясно
intonation@tt1991m	@tt1991m	934.059	940.892	нарратив
intonation@tt1991m	@tt1991m	943.927	947.749	нарратив
intonation@tt1991m	@tt1991m	951.33	954.2	нарратив
intonation@tt1991m	@tt1991m	955.495	957.51	нарратив
intonation@tt1991m	@tt1991m	959.02	959.53	нарратив
intonation@tt1991m	@tt1991m	961.52	964.42	нарратив
intonation@tt1991m	@tt1991m	967.27	968.67	нарратив
intonation@tt1991m	@tt1991m	968.71	973.0	нарратив
intonation@tt1991m	@tt1991m	973.045	975.265	нарратив
intonation@tt1991m	@tt1991m	976.765	981.095	нарратив
intonation@tt1991m	@tt1991m	983.47	985.69	нарратив
intonation@tt1991m	@tt1991m	987.745	990.775	нарратив
intonation@tt1991m	@tt1991m	995.405	995.715	нарратив
intonation@tt1991m	@tt1991m	997.205	998.6	неясно
intonation@tt1991m	@tt1991m	1006.62	1009.34	нарратив
intonation@tt1991m	@tt1991m	1009.4	1013.64	нарратив
intonation@tt1991m	@tt1991m	1013.78	1015.3	неясно
intonation@tt1991m	@tt1991m	1016.465	1025.445	нарратив
intonation@tt1991m	@tt1991m	1025.535	1026.835	нарратив
intonation@tt1991m	@tt1991m	1026.875	1035.37	контраст
intonation@nr1986m	@nr1986m	658.495	659.725	нарратив
intonation@nr1986m	@nr1986m	664.27	668.42	вопрос да-нет
intonation@nr1986m	@nr1986m	735.56	742.85	нарратив
intonation@nr1986m	@nr1986m	757.85	759.23	вопрос да-нет
intonation@nr1986m	@nr1986m	767.03	768.24	вопрос да-нет
intonation@nr1986m	@nr1986m	771.31	772.27	вопрос специальный
intonation@nr1986m	@nr1986m	780.765	781.805	нарратив
intonation@nr1986m	@nr1986m	806.576	812.622	нарратив
intonation@nr1986m	@nr1986m	894.077	895.055	восклицание
intonation@nr1986m	@nr1986m	911.4	912.489	неясно
intonation@nr1986m	@nr1986m	926.977	928.099	нарратив
intonation@nr1986m	@nr1986m	947.97	949.825	нарратив
intonation@nr1986m	@nr1986m	964.49	966.69	вопрос да-нет
intonation@nr1986m	@nr1986m	998.615	1000.205	контраст
intonation@nr1986m	@nr1986m	1000.21	1006.62	вопрос да-нет
intonation@vt1986m	@vt1986m	653.93	655.73	вопрос специальный
intonation@vt1986m	@vt1986m	669.095	671.845	вопрос да-нет
intonation@vt1986m	@vt1986m	682.195	684.8	нарратив
intonation@vt1986m	@vt1986m	706.93	707.37	вопрос специальный
intonation@vt1986m	@vt1986m	711.48	714.3	нарратив
intonation@vt1986m	@vt1986m	729.47	734.33	вопрос да-нет
intonation@vt1986m	@vt1986m	745.04	746.6	вопрос да-нет
intonation@vt1986m	@vt1986m	782.865	788.78	нарратив
intonation@vt1986m	@vt1986m	792.227	794.747	неясно
intonation@vt1986m	@vt1986m	801.437	802.387	вопрос да-нет
intonation@vt1986m	@vt1986m	816.812	819.823	вопрос специальный
intonation@vt1986m	@vt1986m	826.783	828.727	вопрос да-нет
intonation@vt1986m	@vt1986m	829.674	837.9	вопрос да-нет
intonation@vt1986m	@vt1986m	853.621	857.133	вопрос да-нет
intonation@vt1986m	@vt1986m	883.576	888.099	нарратив
intonation@vt1986m	@vt1986m	910.427	912.444	нарратив
intonation@vt1986m	@vt1986m	912.72	913.364	восклицание
intonation@vt1986m	@vt1986m	917.233	919.756	вопрос да-нет
intonation@vt1986m	@vt1986m	921.321	922.888	вопрос да-нет
intonation@vt1986m	@vt1986m	940.894	943.594	нарратив
intonation@vt1986m	@vt1986m	947.97	949.825	нарратив
intonation@vt1986m	@vt1986m	954.29	954.84	вопрос специальный
intonation@vt1986m	@vt1986m	957.54	958.96	вопрос да-нет
intonation@vt1986m	@vt1986m	959.845	960.715	вопрос специальный
intonation@vt1986m	@vt1986m	967.27	968.67	неясно
intonation@vt1986m	@vt1986m	975.415	976.715	вопрос да-нет
intonation@vt1986m	@vt1986m	981.17	983.37	вопрос специальный
intonation@vt1986m	@vt1986m	985.85	987.66	вопрос да нет
intonation@vt1986m	@vt1986m	990.79	995.36	вопрос да-нет
intonation@vt1986m	@vt1986m	995.935	996.595	нарратив
intonation@vt1986m	@vt1986m	1015.31	1016.38	вопрос да-нет
gesture@tt1991m	@tt1991m	656.188	657.143	трогает подбородок
gesture@tt1991m	@tt1991m	661.949	662.883	кивает головой
gesture@tt1991m	@tt1991m	667.9	668.9	кивает головой
gesture@tt1991m	@tt1991m	671.911	675.623	отрицательно мотает головой и теребит пальцами ухо
gesture@tt1991m	@tt1991m	675.669	680.081	указывает пальцем, крутит рукой
gesture@tt1991m	@tt1991m	687.483	688.494	поднимает правую руку, синхронно с левой опускает руки в левую сторону
gesture@tt1991m	@tt1991m	688.516	689.516	приподнимает обе руки и опускает перед собой 
gesture@tt1991m	@tt1991m	689.544	690.299	приподнимает обе руки
gesture@tt1991m	@tt1991m	690.316	691.994	правую руку тянет к носу и трет нос 
gesture@tt1991m	@tt1991m	692.003	693.055	убирает правую руку от носа,приподнимает левую и обе руки синхронно отводит вправо
gesture@tt1991m	@tt1991m	693.079	693.79	приподнимает правую руку и показывает пальцем перед собой, левой берется за сумку, привстает
gesture@tt1991m	@tt1991m	711.612	713.262	трогает нос
gesture@tt1991m	@tt1991m	745.592	749.858	трет нос левой рукой, отводит руку от носа
gesture@tt1991m	@tt1991m	749.872	752.506	поднимает правую руку, мизинцем показывает по кругу, опускает
gesture@tt1991m	@tt1991m	752.58	757.563	левой рукой кучу раз показывает "туда-сюда"
gesture@nr1986m	@nr1986m	664.653	665.864	трясет рукой
gesture@nr1986m	@nr1986m	665.886	666.631	кладет руку на колено
gesture@nr1986m	@nr1986m	666.653	667.319	хлопает рукой по колену
gesture@nr1986m	@nr1986m	667.336	667.814	убирает обратно на спинку стула
gesture@nr1986m	@nr1986m	736.892	739.825	достает левую руку из кармана, показывает вправо и убирает обратно в карман
gesture@nr1986m	@nr1986m	756.074	757.557	достал левую руку из кармана, почесал нос и положил обратно в карман
gesture@vt1986m	@vt1986m	653.954	655.454	приподнимает руки,трясет, кладет обратно на колени
gesture@vt1986m	@vt1986m	669.117	671.773	поднимает руку и тычет пальцами по ноге
gesture@vt1986m	@vt1986m	682.887	684.065	приподнимает руку, два раза хлопает по ноге тыльной стороной ладони
gesture@vt1986m	@vt1986m	731.231	731.748	трясет правой рукой
gesture@vt1986m	@vt1986m	731.961	733.261	поднимает и опускает обе руки
gesture@vt1986m	@vt1986m	733.82	738.053	поднимает правую руку и убирает веточку  
gesture@vt1986m	@vt1986m	738.176	740.785	опускает руку, поднимает перед собой, снова опускает
gesture@vt1986m	@vt1986m	740.785	742.885	поднимает руку, поправляет волосы
gesture@vt1986m	@vt1986m	745.636	748.419	показывает рукой на дом, опускает руку
gesture@vt1986m	@vt1986m	752.08	753.013	отводит ладони от себя и обратно
